ID Comentario,Nome do usu√°rio,Mensagem,√Åndre,Vin√≠cius
1785324111760883_1785330145093613,Antonio Carlos Vieira Barreto,"Outro dia assistir um v√≠deo de um ilustre morador de rua da cidade de S√£o Paulo, com conhecimento e desenvoltura infinitamente maior que  Bolsonaro.",2,2
1785324111760883_1785546888405272,Alexandre Souza,"Vc viu uma entrevista do Bolsonaro, vc viu todas! As mesmas respostas prontas, decoradas. S√≥ mesmo muito ignorante pra confiar o futuro do pa√≠s na m√£o desse bo√ßal.",2,2
1785324111760883_1785345658425395,Geilson Oliveira,"Kkkkkkkkkkkkkkk, Ou seja o Bolsonaro n√£o sabe de Nada??",4,2
1785324111760883_1785388068421154,Jorge Rodrigues Goncalves,"Mas o ministro vai ter que falar o que est√° fazendo para o presidente aprovar.O Bolso vai entender?√â muito ignorante,nunca administrou nada.kk",2,2
1785324111760883_1912766568975458,Lilya Potel,"At√© parece que o Lula saberia responder sobre o trip√©...ia achar que √©"" trip√©x "".N√£o curto o homof√≥bico do Bolsonaro mas esse cara q pergunta se faz tb de entendido",2,2
1785324111760883_1785378851755409,Rogeres Sousza,"O maior advers√°rio do Bolsonazi √© ele mesmo, basta ele abrir a boca e pronto, a m√°scara de mito cai.",2,2
1785324111760883_1785953325031295,Alexandre Esvobda,HAHAHAHAHAH. Que rep√≥rter pentelho. Deixando o Bolsonaro na merda.,2,2
1785324111760883_1785954955031132,Fl√°vio Fernandes,j√° viu aqueles v√≠deos dos vendedores que n sabem dar troco nem somar. vai ser o Bolsonaro montando a equipe econ√¥mica,2,2
1785324111760883_1785497541743540,Cec√≠lia Ceciliato,Vai bolsomions! Continuem seguindo o Bo√ßal mais burro e termina de vez explodindo com o pa√≠s.,2,2
1785324111760883_1785391425087485,Maria Carneiro,Bolsonaro √© muito assustado!  Fica nervoso o tempo todo.,2,2
1785324111760883_1785564758403485,Sabrina Vieira,Bolsoüí© sem argumentos!!! A-M-E-I üòçüòÇüòÇüòÇüòÇüòÇ,2,2
1785324111760883_1785548871738407,Carlos Carlos Gomes Pereira,kkkkk rapaz esse Bolsobosta e com√©dia mesmo,2,2
1785324111760883_1785551431738151,Maria Elisabete Pereira Camboim,BOLSONARE√ö BURRO!!!,2,2
1785324111760883_1960034380925443,Francisco Cidrao,Pede pra sair  bolsonaro  vai passar vergonha,2,2
1785324111760883_1785946265032001,Vinicius Almeida,Mal come√ßou a corrida eleitoral e Bolsonaro j√° est√° acabado,2,2
1785324111760883_1785573825069245,Samanta Azevedo,"Bolsonaro, o cara mais est√∫pido que j√° conheci...",2,2
1785324111760883_1785529778406983,Paulo Veeck,N√£o serve nem pra l√≠der comunit√°rio e quer ser presidente esse inseto. #bolsolixo,2,2
1785324111760883_130791084306671,Auxiliadora Santos,Manda esse tal de se bolsonaro comer capim que ele √© muito √© burro,2,2
1785324111760883_1785816935044934,Elisabete Eufrazilva,"Bolsonaro, n√£o,pelo amor de Deus!",2,2
1785324111760883_1785703688389592,Jean Loiola,"Marcelo, o Bolsonaro √© uma anta.",2,2
