0|731087140684222000|PauloMike4| Já não tenho certeza de nada na vida|PT0627
0|731078982498652000|RafaelaaSsousaa| Sempre que venho às aulas de economia arrependo-me|PT0304
0|731078325406289000|TSFRadio| #Internacional Incêndio provoca nuvem tóxica perto de Madrid https://t.co/x3A0JlS9fz Em https://t.co/MDmhqgtnSp https://t.co/t9Nzfo4FIm|PT0283
0|731113892773044000|dama_musubiaa| estão algures a falar mal de mim|PT1893
0|731086251332411000|wahwahwahh| Estava um tempo tão estranho hoje e estou c um pressentimento tão mal|PT0576
0|731109449662922000|_dassy_| a carapuça serviu me porque sou feia lol|PT1680
0|731102605913493000|gaabychristinaa| Depois que nós pega nojo já era.. ????|PT1300
0|731091255829118000|CatiaFilipaaa| Era para ir ao marques mas o batizado não me permite , vou chorar ??????|PT0776
0|731113246711746000|jfabarata| Eu com ciumes sou fdd|PT1857
0|731104100759306000|NeloOliveiira| @1fuckinglife fiquei burro foi com a eliminação dos spurs|PT1382
0|731081565644701000|joanagraa16| claro que uma sexta-feira 13 tinha de dar merda, nunca podia correr bem|PT0410
0|731096768415436000|Guterres___| Anita esses favs foram um pitz estranhos ??|PT1011
0|731110776006660000|neneis23| Ninguém entende o meu amor por tartarugas|PT1741
0|731072332379328000|katarinasssilva| Estou farta fartinha|PT0047
0|731109295698378000|a_beijoqueirab| Filme mais secante , porra|PT1668
0|731073855645716000|OlaSouALara| @DreadEuSouConde estúpido ??|PT0105
0|731081787292680000|lawIeysmgc| tenho tantas saudades de ver o enzo a jogar no benfica :(|PT0421
0|731085981072404000|diogobatalha| @kleberalves Nao sei se vc notou. O candidato derrotado esta no governo e a eleita nao esta. Golpe o nome disso. https://t.co/0U1MFI2aRi|PT0569
0|731096317951381000|AnaCaro001| O homem é doido...|PT0981
0|731105042338615000|Ze_zi_to| Tanto faz não me importo mais|PT1437
0|731110681290911000|Leopardo_77| Quem falar cmg hj habilita se a levar com o meu mau humor|PT1737
0|731110972379828000|xfxinasssx| Queixam-se para crlh que nunca acontece nada no Montijo, depois quando acontece ninguém quer saber lmao|PT1748
0|731112568899706000|rituxa02| tenho bue medo dessas cenas, aposto que nem ia ter coragem|PT1822
0|731112375760343000|BTS_danca_BR| Falta 20 minutos e tou sem fone ngm merece #????? #BTS|PT1810
0|731078361750089000|bitch_shut_up18| Estou tao farto desta turminha estúpida|PT0286
0|731115286930329000|Hemsworth_Carol| merda de dia|PT1956
0|731105289177604000|vpcdrd| Mete-me um nojo o psicólogo da escola|PT1453
0|731111301003530000|Leopardo_77| Tou farto de amigas , eu quero é bitches ??????|PT1758
0|731111771298234000|vnunesvicente| Os spurs estavam fodidos neste jogo Ahahaha https://t.co/3L2XITbpaQ|PT1788
0|731111718903021000|martokax_93| Hoje tou bastante ansiosa pela chamada do #Encontro|PT1783
0|731081946042904000|ASPFranciscoo| Sinceramente não sei o que é pior, se é não sentir absolutamente nada ou se é sentir dor|PT0432
0|731086520757694000|carolinag002| Estão sempre a pôr-me em confusões por tudo e por nada, é impressionante.|PT0594
0|731108613616439000|ataoputos| 10 vezes a mesma pergunta , isto assim nao tem piada ://|PT1624
0|731102044430438000|taekoopat| #BTS #????? incrível como a Bing consegue ser mais inútil que eu|PT1261
0|731098653973221000|ricmlm| Temer s/ministras, Inqualificável.|PT1082
0|731103864934567000|mamaiaf| O teste correu-me tão mal mas tão mal que eu até estou mal disposta|PT1371
0|731086478160351000|o_tal_dread| @sofia_grade senao tb ficas gorda como o crl ??|PT0591
0|731082460084178000|TimoteoRiiico| Vou maze desligar os dados ja não tenho bateria nenhuma|PT0451
0|731107642257620000|DJuninho312| Eu já não tou a aguentar as dores mano, cada vez que me mexo parece que me espetam uma faca e eu fico logo sem ar|PT1566
0|731086639175438000|carolinag002| Quero que chegue o final do 9º ano para poder bazar daquela merda de escola e conhecer pessoas novas.|PT0602
0|731099759155548000|bruninhoskill| Ultimamente tenho me estressado demais.|PT1128
0|731113595837292000|joanaxgoncalves| Não gosto nada quando reparam em mim|PT1881
0|731087888817983000|tiago_fredo| Se logo não dormir logo vou andar morto xd|PT0658
0|731071955336593000|classyxbitches| Eu preocupo me c o efeito que as minhas escolhas vão ter nas pessoas q amo e que não quero magoar de maneira nenhuma|PT0031
0|731092072694992000|Catybepositive9| Para piorar lgo comida na minha tl ????|PT0815
0|731092964336865000|tasabrincarouq| Estou farta dos Lusiadas fdss|PT0853
0|731082790909923000|2fancy4kids| @Neca_3 tu és otario ahahahah agora a sério o que disseste ?|PT0463
0|731085105473687000|classyxbitches| Tenho 3 caixas em casa e n como deixo p minha irmã pq n gosto https://t.co/K218fhWaIc|PT0538
0|731088285204926000|2fancy4kids| Estava quase a trepar paredes neste hospital|PT0682
0|731073652960198000|AqueleDistraido| Tivemos futebol na aula de física.... detesto futebol!!!!.....|PT0095
0|731108618607730000|Rodrigo31840253| @pedro_m_paiva Sem dúvida, mas a qualidade do futebol deixa a desejar.|PT1625
0|731081241248825000|Inesmag16| doi-me o dente f-se !|PT0396
0|731094350420185000|Nelinho_8| mete se a gozar, qualquer dia corre lhe mal e leva na boca|PT0915
0|731109560124092000|mruiandre| Mais um truque manipulador do @observadorpt https://t.co/mp0knoLEnv|PT1691
0|731098586067406000|Mipa1898| E depois vou ficar sem net que tristeza|PT1078
0|731088014156431000|lotaaaaaa| @lotaaaaaa depois de os encontrar não tivemos aula, fui p colégio de propósito para nada|PT0665
0|731092874876624000|kief_up| Então seus merdas|PT0849
0|731111495673729000|eusoucampeao| @ultratmr Que grande palhaçada isto, so falta venderem bilhetes|PT1774
0|731076208125984000|leonorcml| Caraças a minha casa deve tar possuída crl|PT0193
0|731100389798494000|djuuviiegas| Fds, vou mudar mesmo para tds|PT1165
0|731113849143889000|LuanaYehet| #????? #BTS @BTS_twt eu não sei o que fazer mais para esta porra subir, parece que mais ninguém está a fazer|PT1890
0|731088049455673000|__agostinho__| #np NGA - Amor é uma merda ??|PT0668
0|731090583394131000|effyskies| @WiniSays lool parece estranho não é ??|PT0750
0|731093036621545000|kief_up| Hj acordei mm mal disposto|PT0859
0|731110695069159000|BryandeBrito_04| Esses parolos que andam aí ''vivó Benfica'', não se calam e nem sabem quem joga no clube deles sequer|PT1738
0|731102491073466000|pereira_BADI| Vim hj a escola e tenho teste -.-|PT1288
0|731076308424331000|gostodedoces| Ah não sei, estou cheia de fomee ??|PT0199
0|731107363650994000|nvm_batatz| Sempre fui muito imaturo|PT1549
0|731089670927421000|whoishay| pessoas com calções e eu aqui a morrer de frio|PT0722
0|731079781412950000|catiaribeiro08| Agora está a sentir o que eu senti e não é coisa fácil, sinto me mm em baixo por isto estar a acontecer|PT0326
0|731086002610180000|just_me_Mons| teste de mat tão fácil e não fiz nada ??????|PT0570
0|731089105417842000|milenesoeiro1| vá crl nunca mais sou atendida|PT0703
0|731098519709339000|Vikinga1902| Amanhã, mt provavelmente, n poderei ver o último jogo do Real... Os jogos da La Liga n podiam ser + tarde, amanhã? fds|PT1074
0|731094960540401000|HowToBeDiva| Não adianta criarem tempestades num copo de água|PT0935
0|731097172297535000|gaabychristinaa| Se te traiu, nunca te amou.. ????|PT1022
0|731097587026149000|CortsCortes1| Acabei triste|PT1035
0|731115407336177000|Hemsworth_Carol| merda de teste|PT1961
0|731107013988618000|vpcdrd| Ca puta de nervos|PT1529
0|731096858832080000|nightangels30| MUITA FOMMEEEEEE #?????|PT1015
0|731109919554949000|souatiz| O meu irmão virou se e perguntou se namorava com alguém!!! HAHAHAH tou fodida|PT1708
0|731104718005637000|Cacaudtv| Demonstras tanto desinteresse|PT1421
0|731115416035168000|CiscoORei| @therealdiogo08 ya, mete muito nojo, chego lá e diz que não dá para carregar o ultimo jogo fds|PT1963
0|731099928341139000|djuuviiegas| Tou me a sentir mesmo bué mal|PT1138
0|731088995606777000|AA_Orgulhosa| E quando tas no Mac da baixa e aparece uma barata e vai para o pé da tua amiga e ela nem sente nada ?????? ca nojo ????|PT0699
0|731076218120863000|JFDsoares| Sexta feira 13 para mim é mm merda, tudo me corre mal prtt idgaf|PT0195
0|731078341437100000|martalopes_7| Acordei cedo e não devia ter voltado a dormir :/|PT0284
0|731107930351804000|IneesFaniica| Ontem foi a missa da minha avó, eu gostava de ter ido mas n consegui...|PT1589
0|731071512304832000|19ivoteixeira98| só não gosto que andei a bater papos nela, tira me do serio, o que é meu é meu!! ??|PT0005
0|731092393102061000|joaobigi| Quando até na CESPU a comida da cantina é má e tu decides vir engordar para o bar... #almoco @… https://t.co/6KnyoG3Kdu|PT0829
0|731113562018611000|gabieagle7| juro que me apetecia faltar a estas aulas ate as 18:20, Q-U-E S-E-C-A|PT1878
0|731096273248522000|MarianaLeal2531| Mau humor https://t.co/8qLWQHuMnY|PT0979
0|731098121615200000|colaco1412| Dias cinzentos|PT1054
0|731114732887916000|maryana1075| Fodasse meu ?????? https://t.co/UIoQ9w8Efq|PT1942
0|731107994050691000|chicomatuz| N ando a dormir ponta de crl, adormeço às 3hbe acordo às 7h e tal e n csg dormir mais|PT1594
0|731089636949405000|mamaserabos| Como a minha mãe não gosta de MC não fomos lá almoçar, mas vamos lá comer um geladinho|PT0720
0|731086223893139000|DaniloSramiro| Rs se fudeu fdp kk ia manda ontem anoite #TEXUGO mas acavei… https://t.co/iZicXXV1WI|PT0574
0|731080672140464000|afonsosilva25| Eu não estou chateado simplesmente quero tentar afastar para esquecer, pode parecer ridículo mas yha|PT0367
0|731082218257387000|AnairCorreia| Sem vontade para nada|PT0441
0|731074345573961000|carolsabatista| Bastou-me uma fdp de uma noite em Coimbra para querer fazer merda. Ainda bem que não fiquei lá mais tempo.|PT0119
0|731101971218894000|ana_rita_sd| Fico fudida com isto|PT1252
0|731099278874161000|joaninha_leao| O novo presidente do Brasil tem cara de vilão da Disney. Capaz de mandar nos irmaos metralha. Just saying. #butthatsnoneofmybusiness|PT1109
0|731080255553835000|diogobatalha| Número de politicos q viram ministros pra ganhar foro privilegiado: Temer 7 x 1 Dilma O Brasil é um país cabalístico.|PT0351
0|731101889337626000|ana_rita_sd| Quando dizem que guns é uma merda|PT1244
0|731099975409672000|BritishGirlJC| @WascPrince vem para quando esta merda deste tempo tiver fixe irmos a praia, va arrancaaaaaa|PT1141
0|731082965351075000|Eloicardoso| Detesto mas tem de ser feito|PT0472
0|731080847126867000|laura_tommo91| que saudades de ir ao Dragão!|PT0377
0|731093530559557000|AnaCaro001| Que merda de teste, Fds!|PT0878
0|731105204058378000|GingerNoseYT| Tenho impressao que voces tiram uma rifa todos os dias para saberem de quem é a cabeça que vão foder e hoje foi a minha!|PT1448
0|731101229871448000|djuuviiegas| Tou tao farta desta gente, nunca mais vejo a hora de sair dali|PT1212
0|731098490890297000|ya_putos| Estou podre Fdc|PT1071
0|731099275363549000|sobiancasf| Jr q hj ñ é um bom dia p me tirarem a paciência|PT1108
0|731077738786881000|pipaalexandra18| Ninguém percebe, nem vale o mínimo esforço|PT0264
0|731071602423681000|sweetabortion| Estou sem paciência não tenho tempo já estou com álcool na cabeça e tou meio lento|PT0012
0|731088798193483000|mafalda_blanco| Odeio quando as cenas são mal entendidas|PT0695
0|731073429311500000|sharkinho| @omalestafeito Não é isso que questiono, João. É a estatística, demolidora para as hipóteses dele. E precisam congregar votos anti-Trump.|PT0089
0|731089678175244000|gabieagle7| No dia da final da taça da liga, tenho teste português, que merda...|PT0723
0|731092708127821000|vaniaponte1| Que nojo de música! Não sei como conseguiram fazer tal desgraça|PT0841
0|731094188436168000|Joaogamanho| Nao me apetece estudar filosofia hoje|PT0907
0|731081522728587000|DJuninho312| Estou com uma merda qualquer nas costelas que não me está a deixar respirar bem|PT0408
0|731083524858626000|belaacordada3| Ainda falta tanto para as 4|PT0486
0|731095487131090000|PietroSchweigh1| Doido para sair desse inferno|PT0956
0|731105613569269000|RitaaAfonso| Eu não estou a aguentar isto, eu preciso de saber se o Duncan ou Ginobili se vai embora|PT1465
0|731081322584809000|joanagraa16| tudo me irrita.|PT0400
0|731099857247711000|DyMagalhaes| Eras o meu ponto seguro????????|PT1134
0|731078390917267000|uma_rapariga| Vou ter geografia socorro|PT0288
0|731076979521376000|neuzafiliipa| Sou mesmo otaria, lol|PT0240
0|731104694265860000|Rm7Moreira| Isto de toda a gente me falar dela é bue fdd|PT1417
0|731105975470526000|_cf16| Que palhaçada meu deus https://t.co/0eTW3XOXO3|PT1483
0|731082374382010000|agrbazacrl| Estou morta de sono ??|PT0445
0|731107421209366000|wtvfrancisca| Nao consegui almocar. Tou cheia de dores de barriga e cabeca|PT1552
0|731076123359088000|MatosTacos| Mais um dia de merda|PT0190
0|731098579763335000|riii_gomes| ando sem paciência|PT1077
0|731071527551156000|sweetabortion| Fuck off fode o juízo noutro n me chateies com essa merda n tou bem disposto|PT0007
0|731116276949614000|joanangelicacs| cada notícia de merda|PT1987
0|731103664522338000|MartimvanZeller| Sinto me perdido num labirinto a saída|PT1360
0|731098846969905000|pipinhantunes| assustei me tanto ????|PT1089
0|731076360685424000|likeanangel00| Eu juro que tentei ser tua amiga mas já vi que não vale a pena|PT0202
0|731079493868212000|tasabrincarouq| Que dor de garganta|PT0318
0|731086780003422000|maguedes00| 99anos a celebrar #Fátima um dos maiores embustes de sempre, gerador de milhões. Uma empresa de sucesso no horror da manipulação da fé.|PT0607
0|731071908888858000|maria_beatriz97| Estou tão cansada, tudo me mata a cabeça|PT0029
0|731095417950228000|HowToBeDiva| Odeio quando as pessoas criticam todas as outras mas têm atitudes similares ou piores ainda|PT0952
0|731115304680599000|DuarteMarques| Muito preocupante @cmjornal: Órgãos do PAIGC vão reunir-se depois de PR da Guiné-Bissau ter derrubado o Governo https://t.co/Ow9B4iZABU”|PT1958
0|731091756117327000|_bernardo1299| @DJuninho312 este MEET foi fraco|PT0800
0|731101899546628000|bruuhfilipaa| Um sono fdd|PT1245
0|731095300002222000|beatrizmaria02| Acabei de perder a merda do 83!!!|PT0948
0|731106748279427000|_ivanamorim_| @jujas_ferreira @matilde_dmd tambem odeio!|PT1520
0|731096607421272000|ericasofia1998| No meu último dia de aulas, vou mand todos para o caralho Mal sabem o esforço que faço e depois atacam-me One fact: I could careless|PT1003
0|731109538238238000|CupLopes| As partes do colégio é que são ganda seca|PT1689
0|731100434643947000|jessyypanda| tou a morrer de dores de cabeça|PT1169
0|731086814728093000|InsBarbosa8| Pior merda de sempre é ter inglês nos últimos 50|PT0610
0|731087449993187000|DJuninho312| Sp a mesma merda esse gajo|PT0638
0|731086229337444000|olasouocampia| Esta net da escola é tão lenta mas tão lenta|PT0575
0|731115773545091000|marianabelo41| chateiam-me mais quando estou doente|PT1970
0|731107774663364000|PleasureImRudas| Tou fodido da minha vida|PT1577
0|731116094908469000|Hemsworth_Carol| merda de matéria|PT1982
0|731080934297096000|joanagraa16|" agora tudo me faz dizer "" ai pah, vai po caralho, fse """|PT0380
0|731079092280381000|goncalo_cruzscp| Que nervos meu|PT0306
0|731108938670866000|GingerNoseYT| Wow estou a chorar no meio da rua|PT1645
0|731104503555063000|classyxbitches| E mm sexta feira 13 fds ????|PT1405
0|731108251824226000|AngelaMFG04| Mas q merda é esta? A serio q o meu ex tinha q vir comer ao mc no msm dia q eu? WHY!? AFF q situaçao...|PT1609
0|731101291502567000|Marcilio_CEC| @_kesenna Eu só vou comprar a minha ano que vem :(|PT1214
0|731076912563556000|MafaldaaMiranda| Ainda não entendi o que vou fazer ao médico estou farta de médicos e de hospitais...|PT0238
0|731082920262287000|joanagraa16| a minha vida vai de mal a pior.|PT0469
0|731085307261636000|TaniaSantoss01| Tantas saudades q tenho tuas|PT0546
0|731092029816504000|bbsr99| Que seca de aula|PT0814
0|731116375310209000|moongira| Não percebi :// https://t.co/oAp8qcNY0K|PT1992
0|731074447529119000|NandoPreguicoso| Se calhar sou um pouco ciumento|PT0123
0|731090065166901000|RafaelaaSsousaa| Ansiosa para que esta aula acabe para ir almoçar e fumar porque a vida é nada|PT0738
0|731088541397188000|Chiquiwinquii| Este ano tenho ido tão poucas vezes a casa|PT0689
0|731095952640102000|_JuuliaGomes_| Pts que frio !|PT0971
0|731089134115262000|andrein36631404| @KQuerev es a loca|PT0704
0|731099822686638000|sobiancasf| Foda se que saudades meu|PT1133
0|731101864406745000|wtv_rashton| Mesmo que não tenha sido eu a fazer a merda sou sempre eu a culpada e a mal vista, pro caralho|PT1241
0|731081309284618000|OlaSouALara| gente estupida pa|PT0399
1|731108701994688000|moongira| Foi um dia muito bom|PT1631
1|731114398509584000|ataoputos| ?? - curto bue do teu estilo ! Tenho saudades tuas, es linda!|PT1920
1|731091268894330000|_bernardo1299| @_bernardo1299 Adoro este outfit|PT0777
1|731084372808470000|alexandraCo99| Adoro!!!?????? https://t.co/6Jo76vva7M|PT0509
1|731094208988254000|_JuuliaGomes_| Quero beber , comer e divertir com o pessoal ????????????|PT0909
1|731080995357757000|pitabelmonte| @O_Saloio Ora então bom dia :))|PT0383
1|731107692354404000|Marta_anjos28| tou bue contente|PT1571
1|731113415209549000|mara_resende| Vou passar a viagem a estudar, q aplicada ??|PT1863
1|731110296257998000|Marta_anjos28| foi bueee facill dudeee|PT1723
1|731086760856432000|FilipaG_90| - Quem disse que amizade virtual não pode ser verdadeira? Por vezes até consegue ser mais verdadeira e sincera.|PT0606
1|731077757011165000|OMeuOrgasmo| Ainda bem que faltei hoje|PT0266
1|731093010893709000|ideclmao_00| Mando fotos do meu rabiosque à Andresa, para a motivar nos dias de testes AHAHAHAH|PT0857
1|731114191541702000|ataoputos| ???? - ja falamos 1 vez, es bue bacana, curto do sorriso !|PT1911
1|731098877605101000|ImKillerCy_| Parabéns :) @doll_la5|PT1091
1|731107786516500000|Marta_anjos28| mas é melhor que nada|PT1578
1|731111716092792000|JoanagsantosVfx| chefe fora, tarde santa :D|PT1782
1|731078060263546000|catiaribeiro08| A questão de aula de mat até correu fixe|PT0276
1|731085543589711000|Inesmag16| maravilha !|PT0555
1|731109262215262000|edjane_tiara| Que bebé fofaaaaaaaaaaaa???????????? https://t.co/LXBu5oDM5s|PT1667
1|731099272691748000|tiagoovelez| eu n acho q preciso duma namorada, mas sinto q me ia fzr bem ??|PT1107
1|731081088324517000|Inesmag16| Boa Tarde !|PT0390
1|731109162541826000|ataoputos| ? - es muito gira , e pareces ser boa rapariga , curtia de te conhecer|PT1659
1|731102618337038000|Hernanifigueir3| @poveirolx será magnum todos gostam|PT1302
1|731087693636087000|GomesMDL13|" amo muito o meu amor &lt|3"|PT0649
1|731109303126532000|DanielaFilipa13| O gajo do vídeo da rock bottom é ganda goals , fd-se|PT1669
1|731078894921646000|Hernanifigueir3| @poveirolx eu aceito obrigado|PT0302
1|731093915177263000|ai_vidinha| Eish dormi tao bem|PT0899
1|731116394503344000|GuilhermSaantos| @GuilhermSaantos Mas claro, se ganhar um gajo fica contente|PT1993
1|731089302906634000|JoseRamalho_PT| Sp?rting?? Esperança nunca morre. Vamos Vencer.#Sporting #Loures #Bobadela https://t.co/ybdSSy6ofm|PT0711
1|731074014211375000|Ze_zi_to| Hoje acordei bem disposto coisa rara nos últimos dias|PT0110
1|731107462602997000|be7inho| Novidade pra mim: Vila Alencastre! Almoço com pessoal :) gostei do… https://t.co/0A30H5mgRz|PT1555
1|731092329801613000|ideclmao_00| Ontem, no quartel, fiz o pessoal todo rir tanto! Juro, de vez em quando saiem-me umas boas piadas|PT0828
1|731104685696921000|faruoezil| @Alaboooom @iMiaSanMia ele graças a Deus vai para todo o lado fogo ??|PT1416
1|731085506654683000|SelectAndWin| Happy Conference 2016. @SelectAndWin teve o privilégio de participar numa conferência concebida p/ inspirar pessoas e organizações. Obrigada|PT0553
1|731078699949363000|claudia6gomes| Mais uma etapa, mais um sacrifício que no fim valeu a pena! É com… https://t.co/AXNvMMfZYj|PT0297
1|731110119501631000|Marta_anjos28| O TESTE DE INGLÊS CORREU-ME TAOOOOO BEMM|PT1714
1|731107520245342000|taekoopat| Ver ele feliz faz-me feliz também ?? #BTS #????? https://t.co/Ufgn0VWTDo|PT1557
1|731096080801234000|alexandraicm| o bom de festivais e merdas assim é que conheces gente de todo o lado e são todos capazes de se dar super bem|PT0972
1|731108042855579000|ARMYbabo| #BTS #????? TO TREMENDO!! O MEU NOW3 ACABOU DE CHEGAR!!!!!|PT1597
1|731095633327722000|tasabrincarouq| Faltam 5 min. para ser feliz|PT0963
1|731111424035000000|_bbomm| Pareces ser super simpático e adorava conhecer te https://t.co/dGFT1Rudbp|PT1769
1|731089953707462000|gabieagle7| Que orgulho para a prox época ver o Renato no Bayern, wow!|PT0733
1|731071524640325000|damuxaaa| ?? não te conheço, pareces simpático|PT0006
1|731094176167821000|sooofsss| Vocês não tem noção de como eu venero a Becas ????|PT0906
1|731096604216713000|isabel_1429| Quero tanto a noite de hoje !!!! @vivipp|PT1001
1|731097356905660000|gabrielflima7| @joaotiagow a hora dr cálculo vai valer pelo dia...|PT1028
1|731079740669476000|beatrizmaria02| @focafab que querida!!! ??|PT0325
1|731100574276591000|djuuviiegas| O ricardo e mais bonito q o Bernardo|PT1176
1|731079967593930000|OlaSouALara| adoro implicar|PT0334
1|731074774311550000|NandoPreguicoso| Ela é tudo para mim ??|PT0138
1|731107916745428000|make4divasjulie| Morning ?? Bom dia para esse dia cheio de luz e com a benção da nossa Mãe de Fátima????????. Ave… https://t.co/RDdqd2CKa4|PT1586
1|731083268897001000|laura_tommo91| Ficas muito sexy a cantar em espanhol @cristovinhodama !!|PT0479
1|731092772325863000|Little_Ktrouxa| #????? ESSE GIF É MAIS QUE PERFEITO ? https://t.co/YAMOZTefM5|PT0845
1|731106138759016000|unrealbirdgirl| Remember eu e a Neia a dançar kizomba na escola. Aquela miúda dança, ai fds.|PT1493
1|731082470708420000|pitabelmonte| @jlmmam72 Bom dia e que as horas passem rápido :))|PT0452
1|731092512740388000|o_tal_dread| Ate agora n me aconteceu nd de mal nesta sexta feira 13|PT0835
1|731085300328505000|saraapomares| a ana sofia é linda|PT0543
1|731087135378378000|TaniaSantoss01| Viajar é tão bom, sabe sempre tão bem|PT0626
1|731075033569890000|Miguel_199913| Gira , bom sorriso https://t.co/y5WBsGdaTQ|PT0144
1|731073278782132000|K4H_Vieira| Desapareceu 2 semanas, but voltou p casa :')|PT0085
1|731091732180402000|Anaaa_Catarina| Não tenho as coisas para a tarde preparadas que bom|PT0799
1|731077101932138000|ritamoreira331| gajos porcos tiram-me do sério|PT0245
1|731085508454055000|ARIADNALIVE| A linda @kkmosa colaborando com o Ariadna Arantes Travel com sua foto de viagem em Porto -… https://t.co/VQhLzHVc4U|PT0554
1|731101664187416000|PauloMike4| Consegues sempre melhorar o meu dia|PT1229
1|731109255630204000|anaritabmvf| A do ano passado estava mt melhor|PT1666
1|731078807172595000|ideclmao_00| Já estou em casa, finalmente|PT0301
1|731104287825104000|GLopezoficial| Entrevista aqui na tropicalfmportugal com a querida nilvapinheiro5 que me recebeu super bem!… https://t.co/Wl4COOX9w4|PT1390
1|731103219959631000|ARMYbabo| #BTS #????? tou a adorar escrever besteiras, sinto-me mais livre|PT1344
1|731089099080241000|2014_gonalves| #????? Está em.primeiro lugar nas trends!!!|PT0702
1|731101954865283000|PietroSchweigh1| Pietro falso dormiu bem hoje kkk. https://t.co/H4JPbCCWcD|PT1250
1|731076328624029000|Pires15Goncalo| Bom dia ?? #todoskatherine #nature #top #torreira #happy #sky #beach #dontstoplooking… https://t.co/XmEjJXlnZ8|PT0200
1|731090738025484000|classyxbitches| F-se os meus olhos ate brilham so de imaginar domingo ???? https://t.co/tpj3EVirkl|PT0757
1|731103361718718000|veraaasousa| A consulta de manhã até correu bem.|PT1355
1|731106038804586000|faruoezil| @Alaboooom vamos deixar a criatura ser feliz assim ??|PT1487
1|731110209322647000|TheRawJax| @HenriqueMbm1 obrigado irmão! ????????|PT1718
1|731074030221074000|_JuuliaGomes_| Tenho rapazes tão fofos na turma ?|PT0111
1|731105586889273000|spuvdANA| O MISHA FEZ SNAP, O MEU DIA ACABOU DE MELHORAR|PT1462
1|731110775499202000|fcportocaralho| Grande amor pelo futebol clube do porto!!!! Amo-te acima de tudo !! ?????? @FCPorto|PT1740
1|731103678652911000|veraaasousa| So me fazem passar por cenas estas gajas, na casa de banho foi um riso.|PT1363
1|731108068466012000|ataoputos|" estive com a Filipa &lt|3333"|PT1598
1|731090703716122000|laura_tommo91| Vai ser do crl !!!! @its_fii @HeldersilvaMTF @acdscorreia @dianagomes00 #LovePorJesusLovePorVodka|PT0755
1|731087815543508000|anamargarida411| adoro aquilo que faço https://t.co/1jO8AUfgxo|PT0656
1|731076418952663000|DaniBotan| @damaAmaldicoada parabéns, linda!!! FELICIDADES no dia de hj e sempre!|PT0206
1|731098926594527000|neuzafiliipa| Finalmente vou com a pinti ao veterinário!|PT1093
1|731087585242681000|ritaalves69| Vai ser grande noite|PT0644
1|731113392384188000|miinespeixoto| @Nelsonps94 obrigada Sobral ????|PT1860
1|731111490648977000|rituxa02| correu me melhor do que esperava|PT1773
1|731105971397906000|veraaasousa| Preciso de ti, hoje, amanhã e sempre ?|PT1482
1|731099062875852000|joaocleal06| PARABÉNS MANSO!!!! ???????????????? @ Rio Tinto, Porto, Portugal https://t.co/qXcWptLxvC|PT1096
1|731078100612698000|RicardoAnt10| Parabéns otaria, beijinhos @yourbadbitch_|PT0280
1|731071835475988000|neurobombastica| @Pequena_Ariiel bons momentoe, temos que repetir ??|PT0025
1|731100442713817000|PeanutBJealous| @3bye3haters Ainda bem que foste tu que ficaste com ele, já que querias um ????|PT1170
1|731103814330253000|deherzer| PUTA QUE PARIU! Uma das maiores sequência de defesas que vi na vida. https://t.co/EZWRmkVe1G|PT1369
1|731108633614880000|radiovisela| @JornalNoticias grande cachorro como o cao e o melhor amigo|PT1626
1|731098864078442000|ya_putos| Pareces ter uma grande personalidade e és gira https://t.co/cxW3hYIa6d|PT1090
1|731081693721956000|pitabelmonte| @numiweb Bom dia :))|PT0415
1|731108811902177000|ataoputos| ??? - curti de te conhecer, es uma rapariga fixe, e muito gira, qualquer coisa ja sabes!|PT1639
1|731078953931288000|Cacaudtv| Amo-te mais que tudo neste mundo!|PT0303
1|731087415125938000|SaraaMelim| @nobrega20000 sou ganda cozinheira|PT0635
1|731110025851195000|moongira| Sozinha em casa e acho q vou fazer exercício e meditar, o Costeira diz q é grnd alívio|PT1710
1|731109534199099000|likeanangel00| Espero que nada de mau #lrt|PT1688
1|731098487090257000|ARMYbabo| Se tem uma coisa que me orgulho é ter virado fã dos #BTS #????? eles fazem-me tão feliz, nem imaginam|PT1069
1|731089836745052000|gabieagle7| meu dia todo a pensar em ti meu amor, @SLBenfica ??????|PT0730
1|731079220831629000|catarina_freyta| @_Katrapum_ oh que querida, obrigada!! ??|PT0308
1|731077359277903000|alexandraCo99| Ainda não adormeci em nenhuma aula uauuu|PT0248
1|731104540100075000|veraaasousa| Totas lindas ? https://t.co/i0Ox48WH8T|PT1407
1|731109819143360000|anaritabmvf| Melhor parte foi comer o que eles usavam nas experiências|PT1702
1|731081424514744000|Carolbarbosa142| Tarde livre á sexta é do melhor|PT0405
1|731095054882881000|sobiancasf| Gostei bué de estar nos inter de manhã|PT0942
1|731072867664809000|_cf16| Já conheço alguns aninhos és bom miúdo e muito bom jogador https://t.co/QLeRQaQWS2|PT0064
1|731109460647788000|amaiorguida| Está uma linda tarde para dormir um sono|PT1681
1|731096664371539000|al3shandra| A Yorn está tãããããããão generosa|PT1007
1|731115777093447000|AutismoOver9000| @xCinzas https://t.co/35qO1k3YXT e ele tambem uma chamada All in the Family que é bué fixe|PT1971
1|731115514035113000|eightthemoment| Onde eu gostava de estar agora contigo https://t.co/MBdSp47wbb|PT1965
1|731081017486901000|13andhy| @magbless99 obrigada bebé !!!|PT0385
1|731111637000826000|Joaquim_Gomes81| Orgulho em pertencer a esta Juventude Socialista! JS em destaque. https://t.co/gqgzov9enU|PT1779
1|731071679254958000|asccskittles| Aquele momento incrível em que acordas e reparas que o teu telemóvel nao carregou durante a noite !!|PT0017
1|731115076388814000|damuxaaa| ?? já nos demos mais , tínhamos grande amizade|PT1952
1|731086689976881000|amoafilipacrl| @windoh14 Parabéns puto, 30K, cá desde os 3K, boas trades|PT0604
1|731086410149703000|neylins| Não fale em crise, trabalhe!|PT0586
1|731116331219714000|GuilhermSaantos| Se o Benfica perder o campeonato eu fico na boa, p ano há mais man o mundo n acaba por causa disso|PT1991
1|731101467306799000|o_Ave_Conas| Obrigado https://t.co/QqW0B0Gssc|PT1219
1|731108488659763000|ataoputos| deu-mos um abraço tão grande|PT1620
1|731114136369823000|AutismoOver9000| @xCinzas Gosto mais da era de Counterfeit etc... Do que das cenas recentes|PT1903
1|731082213551443000|daniigatuu| Adoro ser ignorado :))))|PT0440
1|731108948204490000|ataoputos| ???? - das gajas mais fixes que ja conheci no tt, curto totil de ti mesmo, es linda, sempre aqui !!|PT1646
1|731116409858723000|taekoopat| Calhou-me o PhotoCard Yoonseok eu tou tao feliz ? #BTS #????? https://t.co/hFqCG9LXvv|PT1994
1|731074089738227000|ineeesc| O meu gato é a melhor coisa do mundo. Tive de ir vomitar e ele andava à volta das minhas pernas a miar|PT0115
1|731080042411917000|Little_Ktrouxa| #BTS #????? TIPO, DE TÃO LINDO E MAGNÍFICO QUE É|PT0343
1|731105935465287000|filipaclaro| Um sexta feira 13 a começar bastante bem. Muito obrigada, campeão. És o maior. Agora que venha o… https://t.co/JUo7szCsxd|PT1479
1|731081187226206000|Catybepositive9| Bom dia ?|PT0393
1|731112489266626000|be7inho| Duas palavras: Muito .. Bom! :) #portosanto #vilaalencastre… https://t.co/FWazWSFaTu|PT1816
1|731100184080465000|ricKill3r| Vale a pena. Não há dúvidas|PT1150
1|731111433786757000|MariaMoinhos1| Saiu me um peso de cima depois de ter feito o teste de biologia|PT1770
1|731105719290867000|veraaasousa| Amote ???|PT1467
1|731100490507931000|djuuviiegas| Os filhos da minha stora de física são tao giros|PT1172
1|731094440652222000|pipaalexandra18| Ele hoje ainda não me chamou à atenção m i l a g r e|PT0920
1|731085886624931000|miragetheir| As mais gatas ???? @ Escola Profissional Perpétuo Socorro - EPPS https://t.co/EbOAqNJNeK|PT0566
1|731093077130137000|_bernardo1299| Amigo meu sabe que a qualquer momento que ande comigo na rua tem de parar para me tirar uma foto porque eu gosto do local|PT0862
1|731071630974287000|CristianaBrito_| Ahahaha apaz que gozo|PT0015
1|731115747552968000|bbsr99| @arodrigues024 PARABÉNS À MAIOR PUTA DE TODAS! ????BEIJO GIGANTE ?? LOVE U ??????|PT1969
1|731092966891261000|mafalda_blanco| Aposto que se eu tivesse muito mais dinheiro, era muito mais gira!|PT0855
1|731109346281725000|anaritabmvf| Mas foi bué bacano, fartámo-nos de rir ??|PT1671
1|731111395773710000|erogand| Parabéns super mulher!!! Os 7 amam-te muito! #ruivoandradeclan… https://t.co/9XUFR24Mz1|PT1767
1|731102849619267000|joanaxgoncalves| Apetece mesmo gelado|PT1319
1|731097017989103000|Catybepositive9| Hoje é sexta feira , felicidade ????|PT1018
1|731107636406521000|ataoputos| ?? - es uma gaja 5* ,e uma irmã sem duvida, espero levar-te para a vida|PT1565
1|731113448780791000|santos_guigs| Parabéns!! Beijinhos ???? @rita_grilo_|PT1868
2|731085268971884000|a___bella| Estou pra ver o q vai sair|PT0542
2|731075358196436000|bhmfonseca| Coragem, pequeno soldado do imenso exército. Os teus livros são as… https://t.co/Ak8hJ0eQXJ|PT0158
2|731091832013230000|DaniBotan| A Bela, Recatada e do Lar mandava nudes. https://t.co/zhsPGWj3qP|PT0803
2|731085448425156000|simbadalvalade|" ""Entrei como rei, saio como lenda."" #Zlatan10 https://t.co/iSals9ILFR"|PT0550
2|731112635362619000|CupLopes| O diretor do colégio da massa fresca parece um mocho|PT1827
2|731104096397213000|aritapmaravilha| Mas, o que é a secreção? https://t.co/138f3JzeWB|PT1381
2|731085117310009000|pipinhantunes| ta tudo a fazer ganda esforço para não adormecer|PT0539
2|731072031442259000|Arede_52| @olasouocampia ainda não toquei na cafeína hoje|PT0038
2|731097582743764000|koalasninja| Se o justin cancela a digressão nem sei o que faço a minha visa|PT1034
2|731092299153821000|soraiapacienci1| @tatipaciencia1 nem eu|PT0827
2|731074740643868000|Hernanifigueir3| @xxx_men_pt bom dia desaparecido|PT0136
2|731080707477544000|xtremeeasy| Não perca mais um Jantar Tématico com Banda ao vivo este Sábado a partir das 20h. Don´t miss… https://t.co/a7fvYPWM5M|PT0370
2|731087616389611000|MadalenaPires9| Só espero que o teste seja fácil|PT0645
2|731071322428706000|xhii28| Vamos andar 1 ano a arroz com arroz mas vamos a Disney !!|PT0001
2|731084583907786000|alexismrr11| Faça chuva ou faça sol Esteja dura ou esteja mole Ela chupa e engole|PT0518
2|731103915891134000|veraaasousa| Quero ir so mesmo para me distrair.|PT1375
2|731073663919898000|melanieachinesa| O meu maior sonho. https://t.co/YoLMvvxWRA|PT0096
2|731095516994543000|aliciadspereira| Não queria fazer a desfeita a larissa de não ir amanhã, ainda por cima é para irmos almoçar juntas..|PT0957
2|731113049499811000|ritamoreira331| @Conah69 calma docinho senão acabas alone como eu ??|PT1844
2|731098487245393000|Danniie_____| Tantas saudades do meu tio Raul ??????|PT1070
2|731111391524995000|joaolol96| @ManuelGlouco @joaolol96 aiiii então quando fores à Praça de bot eu vou contigo , tou shotgun !!|PT1765
2|731091605436960000|AndreiaCunha16| Casos 39|PT0795
2|731106634634801000|NeloOliveiira| @1fuckinglife eles querem o 7 jogo|PT1515
2|731104116068454000|al3shandra| @xxmaff ah ok eu não parto ao meio|PT1383
2|731080371350147000|USF_AN| #8ENUSF #RH Alguém quer colocar alguma questão?|PT0357
2|731106035788853000|paulo_albino| 27 de Maio a 5 de Junho, a Praia da Rocha vai receber a 5ª Mostra Gastronómica da Sardinha https://t.co/xU1quoCin2 https://t.co/UCSQU4gzwl|PT1486
2|731109360080961000|DuPequenina| A Sara e o meu primo Ivo responderam ao mesmo tempo e eu mandei ao meu primo o que era para a Sara.. Ai que vergonha ??????|PT1672
2|731096283302203000|Oteusonho130| Vim pra rio tinto|PT0980
2|731107346890539000|unrealbirdgirl| @unrealbirdgirl Isto foi no 12 ano, mas eu oh paaaaa!!|PT1548
2|731112494849228000|bitch_shut_up18| Hoje vou estudar mesmo hard|PT1817
2|731083731881078000|bbsr99| Esta tarde ainda vou ter 3 horas de explica, epa|PT0491
2|731076792841310000|sharkinho| @diogomgcruz @omalestafeito @canoxa Os gajos do PCP votam onde o partido quiser, não servem de bitola para esta situação. :)|PT0228
2|731098291027492000|tiochina| 12 a dormir, a teoria mantém-se|PT1062
2|731093550461554000|Oteusonho130|" ""Sabes quando eu tou no autocarro do metro (...)"" Rita 2016 parte ll"|PT0879
2|731112567582674000|fkthatgolfwang| @poca_hontinhas acabei de falar com ele e ele disse que não ia jogar contigo|PT1821
2|731085865796173000|xeja_morena| Não percebo as anedotas do meu professor ??|PT0564
2|731096971797245000|BritishGirlJC| A mae da barbara ontem deu se ao trabalho de nos avizar que hoje é sexta feira 13|PT1016
2|731095422471573000|ushouldfuckoff| Definição de felicidade vs estupidez @ Forum Montijo https://t.co/eXx2mvc982|PT0953
2|731093073640472000|MiriiamFreitas| acordamos|PT0861
2|731091435638886000|_bernardo1299| @tnhbuefomecrl nunca me vou esquecer disto juro|PT0785
2|731104649974038000|sarinamariah| ja fiz o texto para o bf|PT1412
2|731108960326012000|smpramalhar| Como estamos|PT1647
2|731114400761978000|regibabygirl| Definitivamente os meus relacionamentos ?? https://t.co/pm9zZ2gpFd|PT1921
2|731100529422704000|GingerNoseYT| Saudades de jogar ao the rings e ficar a tombar às 10 da noite|PT1174
2|731114661857394000|makeawish_14| @ as minhas amigas todas https://t.co/fyKOESGmzw|PT1937
2|731098288993226000|possocomerte| hoje e sexta feira|PT1061
2|731112016950235000|nightangels30| @CoreanaPt Não sabia mesmo o que dizer ??????|PT1796
2|731093615657779000|o_tal_dread| @sofia_grade fiquei a saber mt coisa realmente|PT0883
2|731113770110582000|BryandeBrito_04| O CSKA se perder com o Krasnodar em casa ou com o Rubin Kazan fora, arrisca-se seriamente a perder o campeonato para o Rostov x)|PT1885
2|731103984543514000|nightangels30| Quem esta na escola e no Twitter? #?????|PT1377
2|731091062123593000|anamargarida411| vou indo|PT0768
2|731103878343720000|vnunesvicente| Já tenho bilhetes :p|PT1373
2|731086609576280000|PauloMike4| @HakunaMyTits69 não sei|PT0600
2|731082335886659000|OlaSouALara| vai tocar|PT0443
2|731087758958178000|Catybepositive9| A stora fez me lembrar da música da kataleya 'isso não é um dejavu' por ter dito dejavu ????|PT0653
2|731082408934658000|baoliveira1904| Ainda não é domingo?|PT0447
2|731092116567285000|bbsr99| Vou jogar 8ball pool|PT0816
2|731108366983020000|sarinamariah| hoje e fazer fitas e cenas da escola e dps tenho de ir comprar uma película de vidro po tele|PT1615
2|731075933730443000|outs291| Como o país poderia se reerguer sem que o exterior pudesse confiar e investir nele? Meus amigos quem é rico não estava a ser afetado em nada|PT0180
2|731109062721572000|bazadaquivaca| finally cheguei a casa|PT1655
2|731101751500120000|TSFRadio| #Politica PSD ajuda a aprovar acesso a barrigas de aluguer https://t.co/FWwkqklJWo Em https://t.co/MDmhqgtnSp https://t.co/2w8isRgVWi|PT1236
2|731107907635384000|RitaaAfonso| @porquenotecalas wtf ? como nao te vi? ou foste antes das 10, ou depois dass 12|PT1585
2|731105823716483000|Moh_Tchuna87| Em menos de um ano já andou com 3 i de abuso da mesma escola... Mas não é da minha conta ??|PT1472
2|731089536005120000|ManuelMirassol| @humberto_gomes7 Pois não hehehe|PT0718
2|731106229079187000|aquele_quevedo1| @sacanado @yameupt @CruzSahin já sai bro|PT1499
2|731104285988114000|GingerNoseYT| Sou a gaja dos copos, que bebe e o pessoal curte e o crlh, mas chega|PT1389
2|731098102749351000|isabtx| Sexta-feira 13 bastante chuvosa.|PT1050
2|731100858029576000|effyskies| @WiniSays já vives aí há muito tempo?|PT1189
2|731100340926435000|djuuviiegas| Ate os q eu defendo mais tão a fazer o mesmo|PT1159
2|731093829546311000|FrancisRobalo| Filosofia fora de contexto (@ escola secundaria afonso de albuquerque) https://t.co/CI2OGq529P|PT0895
2|731080132790751000|Margarida_m99| Tou apaixonada|PT0346
2|731093698801467000|TheRawJax| @nes_bastos ahahahah esperemos que não ?????? obrigado ??????|PT0889
2|731101206857318000|AmandaBollzan| esse treino de localizada quebraa|PT1209
2|731084975584493000|carlasantosrib| @omalestafeito ahahah cabecinha não deve ser feita para pensar okey?|PT0531
2|731116044711034000|PedroHenriqu_4| Queria tanto falar cnt neste momento ??|PT1979
2|731097110767095000|franciscocouto9| Já cheguei ao porto|PT1020
2|731109506453770000|eu_amo_salame|" ""Uns dizem que tu morreste e eu digo que tu vives em nós"""|PT1685
2|731098462037643000|mariamcorreia16| QUERO LOGO A NOITE|PT1066
2|731076853180563000|USF_AN| #ENUSF #rh Cultura do desempenho e gestão por objectivos https://t.co/ZbJwICjG0b|PT0232
2|731086875721646000|brunoadm_| @natasm19 aka 1h40 no meu tumblr ??|PT0614
2|731093219711307000|thevxrve| @mogokorp vem ter a santa Apolónia agora|PT0870
2|731075325086552000|floriwnz| A minha turma fuma como os índios fumam https://t.co/4iRavxBqWp|PT0155
2|731107215852097000|Petearv| Só mesmo ele|PT1537
2|731100877801574000|sobiancasf| Não sei porque é que vocês não entendem que eu tenho sempre razão|PT1191
2|731096401795555000|MarianaLeal2531| Mais ou menos https://t.co/JWiCQMOIAM|PT0989
2|731076044606865000|anairamatnemip| Já disse isto bué vezes https://t.co/VTLfg9hHhe|PT0185
2|731100425122910000|aliciadspereira| @alicebdsilva @beatrizrfranco só falo no domingo ?|PT1168
2|731091883536093000|tasabrincarouq| Faltam 20 minutos para eu ser feliz|PT0807
2|731083662020710000|2fancy4kids| @Neca_3 a sério só tu ahahahaha o que fizeram na aula ?|PT0489
2|731106693216604000|IneesMaia| Enfim mesmo|PT1519
2|731095596417855000|sweetabortion| Obv q n estou|PT0961
2|731094961983242000|BrunoMacedo|" A provar a afamada ""carne maturada"" pela primeira vez. @ Palácio Chiado https://t.co/DHCaE24McJ"|PT0936
2|731076573659582000|SubtilPT| Portugues a esta hora mata tudo|PT0214
2|731076928829018000|Hernanifigueir3| @DADGAY2 mamar nunca tem hora|PT0239
2|731110960912601000|aquelapequenina| Não tive aula|PT1747
2|731100775649284000|PietroSchweigh1| Poucas semanas para às férias|PT1187
2|731092171139469000|neesheenriquees| Só uma. https://t.co/FExXXyZ6h3|PT0821
2|731087338705670000|TaniaSantoss01| Juro q se pudesse passava a vida a viajar|PT0633
2|731097692135407000|CLAUDIADOCC| Quando te apercebes que o ensaio final, afinal era para ser entregue… https://t.co/Arzb3DYwvk|PT1037
2|731101502765465000|bruninhoskill| ??????????,Flava são foda e eles esqueceram disso @vander_soprano @Underskillz @DjSipoda https://t.co/VVLtNk5SUx|PT1223
2|731106300466171000|veraaasousa| Ja nada me surpreende, enfim.|PT1503
2|731109878350155000|chocolany_sense| Privavelmente não são, eu é que preciso resolver isso de acreditar mais em mim...|PT1706
2|731093638810324000|wayaawayaarpk| Ela vai conseguir ????????|PT0884
2|731094618041950000|thevxrve| @mogokorp ?????? eu vou buscar-te ao metro, nós estamos aqui sentadas a falar mal de cenas|PT0927
2|731075899957858000|CNPortugal| A Virgem Peregrina que passou por todas as dioceses portuguesas é acolhida nesta Peregrinação e… https://t.co/zPIIxgKvCd|PT0178
2|731103114032500000|sobiancasf| Vou dar vista e nem sequer responder para não dizer coisas que não deva|PT1333
2|731102312127696000|USF_AN| #8ENUSF #RH Um debate esclarecedor e participado sobre a política de RH nos CSP. A tónica na mudança da administração pública.|PT1274
2|731112666895396000|patricemerces| @nepiaeuconsegui ficaram com a tua licença quando passaste no código???|PT1829
2|731074079269257000|ThatMelonGuy| @awarmouth tens mesmo de acabar, vou começar outravez|PT0114
2|731080468075008000|2fancy4kids| @Neca_3 aposto que eram giras|PT0360
2|731092215435558000|tatipaciencia1| @soraiapacienci1 pois n sei|PT0823
2|731086668162338000|dama_musubiaa| evitem falar aqui , quando nos encontramos todos resolvemos tudo o que temos a resolver já chega de canal .|PT0603
2|731079799796600000|btsportugal| [!!!] ARMYs não se esqueçam de ligar a localização para saberem que são de Portugal!! #BTS #?????|PT0327
2|731078699920064000|lolbazaamg| Muito menos lol|PT0296
2|731114577258262000|heyfabxo| ou bicicleta tb|PT1933
2|731107727095824000|CortsCortes1| Imparcialidade não é mesmo o meu forte|PT1573
2|731105064509681000|BCondeJr| So vou no gym amnha|PT1438
2|731076400627761000|ElCandido1904| Já podiam ser 17h para me por daqui para fora|PT0205
2|731112496262696000|Marcilio_CEC| @GrupoTwiterCEC Qual é o grupo da Pelada no Cartola?|PT1818
2|731072274158211000|neurobombastica| @Pequena_Ariiel chupamos queridinha ??|PT0043
2|731114610984665000|ruiiisantos| Vou dormir a tarde td no estado em que estou chego a casa e arrocho logo ??|PT1936
2|731103121653542000|djuuviiegas| A vossa sorte e q não gosto de confusões|PT1337
2|731104045088264000|2fancy4kids| @tijolos69 @kvttycat assim querido ?|PT1379
2|731099759725969000|Brayzona| Acordei agora|PT1129
2|731115192428462000|peter97silva| Espero bem conseguir ir a Lisboa à sal hoje|PT1953
2|731104193835061000|unrealbirdgirl| Juro que ás vezes me sinto a mais.|PT1386
2|731087056429060000|gomezgi| @RainhaAnsiedade indicaria ler a revolução antes.|PT0622
2|731103022210793000|joanaxgoncalves| Não sei se falar outra vez com a minha mãe outra vez sobre hoje à noite mas não sei se quero ir|PT1327
2|731113091501596000|RicardoGaspaaar| @frederico2053 um motor e 4 rodas não muda aquilo que ela é|PT1846
2|731110841748230000|joannesiiilva| Eu e as Ritas dexprevenidax #primeiraquintafeiranegra #damas… https://t.co/Jyyf3s8l8z|PT1744
2|731108680033284000|AngelaMFG04| Nnc sai para ir almoçar cm os amigos... E logo hj q vim aqui ele tmbm veio CORAGEM! SACODE como diz uma amiga minha.|PT1629
2|731071963268038000|neurobombastica| Ando aqui nos corredores a fazer NADA!|PT0032
2|731114743377895000|BTS_danca_BR| PORQUE É QUE EU TO NA ESTAÇÃO SEM FONE AAAA https://t.co/Xo4l37SOjl|PT1943
2|731075986721230000|carolinaalvesm5| @Cattbonito Bue piada|PT0181
2|731110221964283000|Cacaudtv|" ""Será mais forte o que nos une ou o que nos separa?"""|PT1720
2|731085603207532000|Inesmag16| e lg vou ao nascente !|PT0558
2|731079245934546000|MariaFoxtrot| E eu a pensar que iamos mesmo falar do ex da @tsomuniz ????|PT0309
2|731087286855712000|Pedro__Lisboa| Ir de fato pó baile ????|PT0629
2|731078356385566000|inesssslts| Bem, vou dormir q já ta na horinha|PT0285
2|731079968168546000|2divalol| GENTE a minha PT ainda não chegou.|PT0335
2|731080528812748000|MariaFoxtrot| Quero mudar de ava!|PT0364
2|731074136777330000|sharkinho| @omalestafeito Isso é que era de valor!|PT0116
2|731087998876569000|CSofia_Ferr| Vou voltar a cuidar do meu tumblr|PT0664
2|731083784293105000|rodcapinha| Para mim o 15 de maio é só uma desculpa para estar com amigos|PT0494
2|731113546910699000|patricemerces| Ontem só fumei um cigarro|PT1873
2|731115004867575000|Gian_marcelo| @ritaa0710 @taniacsilva_ @beatriz_russo1 kkkkkk peço desculpa então ??|PT1949
2|731077555172868000|lotaaaaaa| Adivinhem quem se esqueceu das chaves de casa? Moi|PT0255
2|731087945755676000|AA_Orgulhosa| Eu sou de ideias fixas migo ????|PT0661
2|731093459088621000|pipaalexandra18| @_beeanobree n queres ir cmg à tarde?|PT0876
2|731076518412201000|miinespeixoto| @_brunacosta7 obrigada baby ??|PT0210
2|731077848707022000|pipaalexandra18| @_beeanobree traz-me qualquer coisa já sabes ??|PT0268
2|731080819931000000|AnaFMarques2000| Quando vês as horas e percebes que a aula ainda vai no inicio https://t.co/h4a9bnMA2k|PT0375
2|731091232215203000|AndreiaCunha16| Podes tentar que não consegues|PT0774
2|731098110387212000|diogobatalha| @LionisDay @Sybylla_ Eu ja ouço a rainha gritando e os soldados-carta marchando.|PT1053
2|731108699293515000|MeguiArajo| @sofiaparente16 tanto tempo!! Vai estudar ??|PT1630
2|731109204103204000|Marcilio_CEC| @itau quero efetuar a portabilidade. Não quero mais receber meu salário pelo itau. Quem eu devo procurar?|PT1662
2|731099972771418000|mara_resende| Já estou em casa.|PT1140
2|731103197826297000|JOSE_mnt72| o nosso povo é sábio ???|PT1341
2|731074689196527000|PinheiroNathana| E eu com três cobertas desde a noite..|PT0134
2|731085213929984000|a___bella| O Gabs está me a escrever um poema ahah|PT0540
2|731114189452922000|unrealbirdgirl| Estou a ir-me abaixo, outra vez.|PT1909
2|731105998690209000|margarida_iff| @Ritagloria27 não, estou a caminho! Quando chegar digo-te|PT1485
2|731091905522585000|Anaruthmaciel| Pra mim o resto do mundo nunca existiu, só eu e tu ??|PT0810
2|731102560053043000|pereira_BADI| Só para mim xd|PT1297
2|731097549415821000|riii_gomes| daqui a pouco chega a bea e eu ainda na cama|PT1032
2|731083100965486000|PedroAgostinhoC| O Que Escondem as Salinas: dia de descobertas Pipocas com Salicórnia e Omeleta com Funcho e Batata Doce cozida https://t.co/JNOCIY6ESL|PT0475
2|731097806249836000|gatadatuavida| como é Q se guardam vídeos Q nos mandam pelo messenger????|PT1042
2|731101480485306000|MissLibelinha| Portugal molhado @ Murtosa https://t.co/faUY02F1sP|PT1222
2|731082457693491000|Little_Ktrouxa| #????? Hoje não fui a desenho, será que perdi algo tipo FASCINANTE? Como smp acontece....|PT0450
2|731085662083002000|__diogof| tirem me daqui|PT0559
2|731091421504147000|brunaraqell| @dianaaraquel não falha!!!|PT0784
2|731102517694713000|PleasureImRudas| Tenho reunião daqui a pouco f se ??|PT1293
2|731114446979010000|patricemerces| @TheDaniel1997 mas só fumei um porque não tinha mais ??????,mas hoje,amanhã e domingo já me vou estragar ????|PT1924
2|731098517758939000|Mipa1898| Vou ter de ir à aula de tic 10 minutos|PT1073
2|731102790639071000|sobiancasf| E das pessoas de lá https://t.co/CQucC6yQSW|PT1315
2|731093926136975000|sooofsss| Quero levar no rabinho|PT0900
2|731072288389484000|fiziyad_zetwal| Temos que ir caralho|PT0044
2|731102030006263000|GingerNoseYT| Quero passar pra a prte em que estou na cama nos cuddles com a catarina|PT1257
2|731101167867056000|jessyypanda| quando a minha mãe me manda uma msg a dizer q não está em casa e a minha irma é q vai fazer o almoço ......... ??????|PT1207
2|731098465468616000|possocomerte| logo a noite vai tudo para o spice e eu em casa que saudades|PT1067
2|731084595274391000|Hernanifigueir3| Para quem ainda não souber https://t.co/DS15qAHoUF|PT0519
2|731107924039229000|olasouabibs| Brilhoooo ?? @ Cascais https://t.co/cmVquIqZJ0|PT1587
2|731099254115209000|Mipa1898| Os sapatos de vela deixam os meus pés gelados|PT1106
2|731106151945936000|FlyIsBird| Engasguei-me buè tho ffs|PT1494
2|731097903607992000|fcascao97| a minha carta chegou|PT1045
2|731103156717924000|PeanutBJealous|" ""Damos o casaco qnd tá frio"", sim claro, vou arranjar um namorado pq tou com frio"|PT1339
2|731087778403000000|ManuelMirassol| Ultima aula do dia|PT0655
2|731075732399656000|USF_AN| #8ENUSF Utilize o twitter para partilhar as suas ideais durante todo o encontro. https://t.co/RxUpNQXH29|PT0174
2|731102415152369000|Guterres___| Se quê ainda vou correr ao pinhal, mas duvido que me apeteça|PT1282
2|731112345322278000|__TheShorty__| TRÊS autocarros para ir para são marcos|PT1808
2|731114385222045000|ingridvstephany| o iphone da Marta caiu e agora não funciona, sexta-feira 13|PT1919
2|731100145576726000|bruninhoskill| O silêncio responde até mesmo aquilo que não foi perguntado.|PT1145
2|731112161213337000|BTS_danca_BR| Gente imagina um jimin funkeiro #????? #BTS|PT1800
2|731108569240702000|MeguiArajo| @sofiaparente16 eu tenho explicação daqui a nada, mas estou em casa agora! Vais ficar aí até que horas?|PT1621
2|731084322149695000|Mipa1898| Vou almoçar agora|PT0507
2|731084303094943000|neurobombastica| Ta a chover? ??|PT0506
2|731073157222670000|TSFRadio|" #Internacional ""Hackers"" voltam a atacar rede bancária… https://t.co/Qg5do7tm8Q Em https://t.co/MDmhqgtnSp https://t.co/FHH1ElO53Y"|PT0079
2|731108763512508000|nuniiiitas| @tizas19 estádio da académica!|PT1637
2|731089941376172000|taekoopat| @btsportugal é até dia 22 de Junho pelo que vi e não 11|PT0732
2|731088638860124000|TSFRadio| #Desporto Jamie Vardy eleito jogador do ano da Premier League https://t.co/PAaTZ8SKjq Em https://t.co/MDmhqgtnSp https://t.co/n6fG9ve0Zz|PT0691
2|731100941190111000|ana_rita_sd| Ainda tenho de esticar o cabelo|PT1196
2|731112607495667000|edupixel40| Galera Borra Falar com o dono so CuBeCraft para pedir para criar servidore para minecraft pe|PT1825
2|731080021910114000|sharkinho| @omalestafeito @diogomgcruz @canoxa E é como dizes, o discurso dela mais à esquerda continua a ser o do PS versão Tozé Seguro...|PT0340
2|731095399277203000|PietroSchweigh1| Contando os minutos para ir embora|PT0950
2|731100333989081000|riitaroocha| @RiotVan78 ahahah é verdade ainda te devo um café xd|PT1158
2|731116326828310000|joanangelicacs| a morte de alguém é sempre estranho|PT1990
2|731102172109254000|santanaa_men| Amanha vê se quem é o campeão espanhol no domingo é o português ai n|PT1270
2|731076583629455000|mariiadsr| adeus 19, quase te tive|PT0215
2|731100707651264000|RitaaAfonso| Estar a fazer teste e um rapaz de desporto que nem foi lá da escola, bate à porta e tenta entrar na sala|PT1183
2|731109683117850000|heyfabxo| @catarinaniratac eu fiquei a ouvir the script bro|PT1697
2|731081020720750000|OlaSouALara| vou saltar para cima da cabaço ??|PT0386
2|731107933925326000|LuanaYehet| #????? #BTS @BTS_twt os meus amigos tão a jogar basket ao meu lado e eu a subir a tag ahaha|PT1590
2|731089382011207000|g_ncalo| @belle_desch mentira. Eu não sou mt apologista de voluntariado. Se uma pessoa trabalha, deve ser paga. Mas cada caso é um caso.|PT0714
2|731075632357122000|RuiGome65702216| Dêem lhe uma medalha https://t.co/vXKqCB4KLU|PT0170
2|731084403154243000|neurobombastica| Eu nao trouxe chapeu de chuvaaaa ????|PT0511
2|731114668689915000|marianabelo41| não fui a escola|PT1938
2|731104420512071000|sweetabortion| Se achas que o que fizeste se justifica o que queres que faça?|PT1402
2|731108070269587000|tatssferreira| 2 vermelhas e 1 branca https://t.co/Rfc1cXdz9w|PT1599
2|731080275145437000|patricemerces| Vou levantar o cu da cama e fazer o almoço|PT0354
2|731087631266807000|gualterpereira| O maestro das nuvens |PT0646
2|731076516298264000|EricaSo99153018| Ela em princípio vai vir aqui a tarde|PT0209
2|731075130391203000|Hernanifigueir3| @CaraDoABC @michelucas2015 está no sangue|PT0149
2|731086380852494000|laura_tommo91| ''Tínhamos tudo p'ra dar O que é que faltou para ser de verdade?''|PT0582
2|731092290505199000|wahwahwahh| Eu não se se almoço frango c salada ou Granola c iogurte agora :///|PT0826
2|731111825501265000|Mipa1898| Já estamos quase a chegar|PT1791
2|731094356019404000|TSFRadio| #Desporto Os psiquiatras também sofrem https://t.co/xWJbBhOO8b Em https://t.co/MDmhqgtnSp https://t.co/wFlMdfdEV6|PT0917
2|731074528915427000|EricaSo99153018| Minha mãe pos no pc músicas de Kizomba , Fds que saudades de dançar kizomba ??|PT0126
2|731088680308383000|saracrsantos17| @dianatavaresre tiraste print, vaca ??|PT0693
2|731078080127729000|sarinamariah| Esta setora é de mais sério ??????|PT0278
2|731104427466166000|unrealbirdgirl| Não quero que o meu pai me ligue hoje, por tudo.|PT1403
2|731095021076807000|soraiapacienci1| @sxngz_ mas tnh sono na mm kkkk|PT0940
2|731091273118044000|Anaaa_Catarina| @putodurara somos dois|PT0778
2|731096619802824000|Flacko_mulato| Vou na escola do @Puto_Juu|PT1004
2|731094966202712000|Nelinho_8| @S10usa @David_gomes001 dm sousa, não precisas mano|PT0937
2|731095557503107000|alexandraicm| disse à minha sobrinha que a letra dela ficava mais bonita escrevendo c o porta minas e aquela croma levou o meu sem eu saber ??|PT0960
2|731096621296062000|sweetabortion| Ahahahah dude n me faças falar|PT1005
2|731080267943817000|KikaAlmeida3| Não vou ter exame a geografia e ando aqui nestas aulas n sei a fazer o q|PT0352
2|731110446569295000|goldentostas| vou no Nobita entregar as cenas para a play|PT1727
2|731098226204508000|ZuKKaPower| Hoje é sexta-feira 13|PT1058
2|731071857634512000|joanna13santana| COMO E QUE O AMIGO DO MEU PAI ME LIGOU AS 8h DA MANHÃ PARA FAZER O CHECK IN?????|PT0026
2|731110917027561000|ataoputos| Passo a vida a escorregar no corredor da escola, sinto-me uma criança novamente não me julguem pf|PT1746
2|731088243178012000|mafalda_blanco| Tenho de me começar a lembrar das cenas, esqueço me de tudo pah|PT0677
2|731088055004745000|BritishGirlJC| Tou mesmo num dia nao.|PT0671
2|731087018638360000|PauloMike4| Como é que é possível. Estás a conseguir o que querias. Joguinhos duplos.|PT0619
2|731097138294362000|joanaritamimoso| Mas pq?|PT1021
2|731089293763055000|Anaaa_Catarina| Sonhei que deixei a primeira parte do teste por fazer AHAHAH|PT0710
2|731077047007633000|pequeno_chato| Nunca mais me fales ..|PT0243
2|731075998888906000|marriana999| @JoaoBentoo está mas é atento|PT0182
2|731113552443002000|ocrltafoda| Tanta coisa mudou entre nós ..|PT1875
2|731083219618156000|MsJayandra| Quem me dera ?? https://t.co/divb3smbrN|PT0476
2|731088253810511000|OrtopediaPorto| Cadeiras de rodas ao preço da chuva!!! Aproveite até 31 Maio 2016 Ortopedia Porto.pt - Rua de Santa Catarina, 923 https://t.co/nrPLfrkgA0|PT0679
2|731093561458954000|wayaawayaarpk| A minha energia esta toda canalizada para a minha sizta ????|PT0881
2|731089341540384000|brunaraqell| @JPortela9 mas eu mereço xD|PT0712
2|731114559801528000|RafizaTayna| Mais vale sozinha com respeiro doque ctg sem respeito. .|PT1930
2|731085667837575000|Anaaa_Catarina| Siga nega a pt|PT0560
2|731093822084644000|aliabelinha| Estou no parque da cidade do Porto a apanhar uma seca do crl|PT0894
2|731083224219275000|__agostinho__| Destrói aquilo que te destrói a ti..|PT0477
2|731096584520355000|_DoctorJohn_| Até me admirei|PT0999
2|731102119252623000|Guterres___| Acho que a minha irma vai sair e eu só quero ficar o dia todo no sofá e ver hp|PT1267
2|731113515101110000|soualela| a minha mãe vem buscar-me quando sair do trabalho|PT1871
2|731115520397877000|Inazri_17| Agr temos net em todo lado|PT1966
2|731094898573754000|soraiapacienci1| tnh q ir fzr xixi|PT0933
2|731102032636084000|Hernanifigueir3| @poveirolx hummmm na hora de provar|PT1258
2|731096150703521000|Little_Ktrouxa| #????? Não te esqueças da localização linda ? E SAME https://t.co/Ku3sJlK7o9|PT0976
2|731112150555594000|bitch_shut_up18| Havemos de viver e morrer sem conhecer as razoes do coração By Blaze Pascal - Paris https://t.co/HLrxBgXanD|PT1799
2|731115280307503000|maryana1075| Eu já estava à espera disto meu tava mesmo|PT1955
2|731081803310714000|MiudaDoFCPorto| Tão aqui uns mens da escola de multimédia de santo tirso e tuveram-me a tentar convencer a ir pá escola deles|PT0423
2|731087125156859000|patricemerces| @TheDaniel1997 acho que chegamos a ser expulsos AHAHAHAHAHAHAHAHAH|PT0624
2|731092697776312000|TheRawJax|" @BarbaraMariaFF ""Juízo"" é o meu nome do meio"|PT0840
2|731071972264841000|tatipaciencia1| Começou a chover bué do nd credo baia|PT0033
2|731086087024721000|2fancy4kids| @Neca_3 ninguém fez hoje ?|PT0572
2|731109581582159000|ocrltafoda| Já sabes bebe https://t.co/U6tDtThaXo|PT1693
2|731105021430009000|AfonsoBrilha23| Ando com um sono acumulado que nem sabem|PT1435
2|731092456004014000|vaniaponte1| QUE VOMITO ?????????? https://t.co/488c4jAT9H|PT0832
2|731107731105550000|Marta_anjos28| oh , mas no domingo tenho que lhe dar..|PT1574
2|731090660263141000|ErikaCorreia12| Estamos à ver 'puro aço'|PT0754
2|731080689064509000|patricemerces| Hoje vou beber café com as minhas miúdas|PT0369
2|731089293565923000|brunaraqell| espero que o verão corra como eu estou à espera|PT0709
2|731078074930974000|pipinhantunes| olhares fdd's|PT0277
2|731099166596829000|carlosdcsousa| 90% fome 10% sono|PT1100
2|731095003628474000|sobiancasf| Olá olá|PT0939
2|731107721169244000|fiftypvz| @pedroaraujo097 vai ao youtube e mete : Dj Player - G|PT1572
2|731104597834616000|joanaxgoncalves| Segundo o meu tio o açúcar deixa as pessoas excitadas...|PT1410
2|731107028345757000|brunagabrielley| Nossa mano|PT1530
2|731111162742513000|makeawish_14| @zcribeiro15 desculpa ??|PT1753
2|731102848155570000|unicoreii| És mulher de sábado à noite e eu sou homem de domingo à tarde|PT1318
2|731091499186855000|tiago_fredo| Tu só queres fama e esqueceste de quem te ama|PT0788
2|731103449862017000|OProprioZezinho| Tou a ficar com ganda trabalho a tec|PT1357
2|731114091616538000|patricemerces| @TheDaniel1997 e na quarta também|PT1901
2|731101468674101000|AmandaBollzan| hoje vou fazer outra avaliação sendo que nem vou ficar fazendo musculação ??|PT1220
2|731092216932892000|MandaNudeFofa| @me_esquece tens sempre ... xD|PT0824
2|731075506678968000|Basofiasnazona| Nao tenho pressa pa encontrar o tal amor|PT0164
2|731098264263622000|SoutoOrgasms| Ás 15:30 vou ao liceu|PT1059
2|731076611043430000|sarinamariah| Olaaa da aula de matemática|PT0217
2|731100763527757000|aliciadspereira| @alicebdsilva @beatrizrfranco não amor, não deito foguetes antes da festa... #carregabenfica #rumoao35|PT1186
2|731092565357924000|marianaa_dinis| Fiz grande texto por causa disso|PT0837
2|731100420806955000|tiagoclemente7| @para_e_pensaa lembraste te?|PT1167
2|731073131822120000|TaniaChocolataa| tenho de ver alguém que não tenho aulas de tarde|PT0073
2|731095549764571000|be7inho| A manha no Porto Sabto começou assim .. Algumas nuvens, pouco vento,… https://t.co/8BiVlX2cNe|PT0959
2|731103345029599000|d4ni_n3lson| dormia a tarde toda na boa|PT1352
2|731098180381753000|marianaa_dinis| Será que as chinocas têm o pito atravessado?|PT1056
2|731093598448582000|pipaalexandra18| @tatianaseco7 @_beeanobree eiaa, vamos todas à hr de almoço n querem?|PT0882
2|731078409489661000|sharkinho| @iAModp Deixa-me explicar: falo em termos estatísticos, pela necessidade de reunir forças contra o Trump, quanto antes. Tal como com Marcelo|PT0290
2|731114181877960000|soualela| vou fumar um nite|PT1908
2|731112595629969000|bitch_shut_up18| Vou desligar a net e tudo, vou me abstrair deste mundo|PT1824
2|731100351592595000|bruninhoskill| Muita gente só se aproxima de nós nos momentos de tristeza porque não suporta partilhar a nossa felicidade nos momentos alegres.|PT1160
2|731086637178949000|2fancy4kids| @Neca_3 que caiu do 8º andar|PT0601
2|731101848850038000|BeatrizMRochaa| Amanhã é sal com as babes ??|PT1240
2|731102839586586000|SouOSrJoaquim| @m_elaniechris @ofc_hun @cquintafeira Sabes o que é um chato?|PT1317
2|731072483663740000|_bernardo1299| @MatildeMarvao8 tnh sdds tuas|PT0053
2|731100926304497000|JersseyOne| @WinnieComMel yah, ainda bem que não tenho este ano.. Também não tenho tecnologica|PT1194
2|731095404432007000|diogoo2946| @leo_agostinho pois,mas andas a copiar|PT0951
2|731109815947276000|sempretranquila| Já quase que não tenho bateria|PT1701
2|731091254184906000|VascoEsteves22| 6 meses corriendo contra todo. Vamos a ello.|PT0775
2|731081794800496000|TimoteoRiiico| Esta vida de estudante kkk|PT0422
2|731081045798453000|pela10prds| Não sei o que passa|PT0389
2|731073920963620000|anacventuraa| Epa não vai ninguem a sal por causa de jogos|PT0107
2|731084406513897000|JorgePina09| Che a minha irmã foi à casa assombrada que em Queluz ihh ??|PT0512
2|731101819695431000|AbreuDanoninho| Não preciso de mais ninguém quando só quero uma pessoa|PT1239
2|731091077323718000|sooofsss| Estou demasiado sóbria para esta aula.|PT0770
2|731074055470714000|diogotomaz17|" ""Mudam-se os tempo,mudam-se as vontades"""|PT0112
2|731105353736261000|marisa_sofiadr| E ontem foi dia de irmos ver dillaz e c4pedro à semana académica ?????? https://t.co/T2CUQ0BAPQ|PT1456
2|731095889763287000|dama_musubiaa| quero ver quem se vai meter , se o beef é meu o beef é meu , por isso fiquem só na vossa|PT0969
2|731075443105861000|bruna_gomiis| Está a haver uma feira da saúde aqui na escola e eu aqui no twitter xD #BTS https://t.co/i7yiyOL8mP|PT0161
2|731086832952332000|ocrltafoda| Conheco-te ? https://t.co/NxKSWkCqTo|PT0612
2|731091842901643000|Catybepositive9| Quero comer ????|PT0804
2|731106475465158000|Mg8Sara| Parece me que a Luana está no tt do meu irmão https://t.co/8QnTqpuwyW|PT1511
2|731112542064549000|alexandraicm| não faças nada que te arrependas depois|PT1820
2|731077049037783000|tixa_oliveira11| Ai pois foi ?? https://t.co/OyrwX8SejA|PT0244
2|731107964891828000|joaomftorres| Preocupados com a Sexta Feira 13? Pior era se fosse Segunda Feira 13.|PT1593
2|731099796723912000|sobiancasf| Já à tanto tempo q ñ te preocupavas comigo|PT1131
2|731086956965269000|pitabelmonte| A geringonça soma e segue . https://t.co/6VwQvwKxcE|PT0616
2|731090288966574000|AA_Orgulhosa| Pois eu bem vi que não viste ???????????? https://t.co/xdZxuJaUOE|PT0744
2|731110564366286000|babuscaa98| @inesmmorais98 @Darealjezzy fico à espera desse toque|PT1734
2|731080844652236000|OlaSouALara| @OlaSouALara a sério?|PT0376
2|731090142874701000|nmgoncalves| Aquele momento em que nos apercebemos que está a pingar água da sanita do vizinho na casa de banho. Lovely. Gonna puke for weeks ???? #FB|PT0741
2|731098144952328000|mosscrlh| Apanhei uma chuvada do crlh|PT1055
2|731077525858856000|neuzafiliipa| Ainda por cima sonhei com uma coisa mesmo fofa que não vai acontecer né|PT0254
2|731093758708711000|beatrizmaria02| A Ba teve a riscar as minhas unhas!! A sorte dela é que tenho unhas hoje|PT0891
2|731073617644167000|brunascp5| Mais uma stora a faltar. Esta semana todos os dias faltou alguma stora|PT0093
2|731100247221514000|GingerNoseYT| @RubSpeaking nao vou fazer fisica nem equipamento trouxe|PT1154
2|731114885241819000|diogobatalha| @DoraMonts Com ou sem google? (sabem nao)|PT1946
2|731098264406261000|sou_um_kanguru| Não te percas sfv|PT1060
2|731075327473111000|DeiaCardoso| @primagal @mr_leandroman estamos na A1 a caminho de lá! ??|PT0156
2|731107653498355000|cristianadias69| neste momento consigo cagar muito rápido nas pessoas como o fazem comigo|PT1568
2|731084249349165000|MGCCorreia| O nosso Sistema Solar tem um novo planeta anão https://t.co/GQxoVrioJt https://t.co/38YVx2s84x|PT0505
2|731098892180262000|DyMagalhaes| A sério nunca nenhum me rapaz tinha feito isso e agora onde estas tu? longe de mim e nem um olá??????|PT1092
2|731075628359946000|outs291| Antes de reclamar da queda do PT dêem uma olhada no valor do dólar...|PT0169
2|731100662096900000|sobiancasf|" "" tinhas razão "" ??"|PT1180
2|731106264328081000|SpartacusTuga| Já que estou doente vou aproveitar para ver filmes ??|PT1501
2|731107629121081000|PTristo| entretanto vou ter com o pessoal|PT1564
2|731101971407642000|nightangels30| Obra de arte da ana kook #????? https://t.co/JstBeDOOVx|PT1253
2|731105098466795000|veraaasousa| Até trouxe roupa mais fresca , mas esta frio agora.|PT1443
2|731089824724201000|DuarteMarques| @gaspar_pinto Manuel Heitor e antes também João Soares|PT0728
2|731101537804664000|BazaChaboto| @ruben_neves97 pofias vir para minha casa para acabarmos o trabalho|PT1227
2|731085933395709000|DJuninho312| @stressed_out3 ???? partilha ai|PT0567
2|731113440052383000|joaoflx1| A festa dos lagartos foi antes do jogo com o Benfica em Alvalade no qual perderam 1-0, no domingo é a vez do tricampeão! #CarregaBenfica ???|PT1867
2|731111238613258000|catarinafserrao| dão tudo para dar nas vistas|PT1755
2|731100082502766000|claudiorenato96| Eu sou um panda https://t.co/k7j0Hw5SZx|PT1144
2|731098017726640000|Bonito_T| Quem me dera ter visto o dillaz|PT1048
2|731107797493006000|OProprioZezinho| Isto é reflectir ??|PT1580
2|731113301585866000|catreynaud| A única coisa que sei é que aquela stora é passada|PT1858
2|731096593731080000|Sh4d3| @Aleixocyka @Tomaj_Castro aquele autocarro de volta|PT1000
2|731075410113531000|Rafa_Saldanha| Tens uma idéia mas n sabes como a conceber? Diz-nos o que quer e nós tratamos do resto.… https://t.co/lxaZYpmiIj|PT0159
2|731093469914124000|sweetabortion| A minha mãe estava a contar watch me wtf|PT0877
2|731076861065875000|Chris_Halder| @diogomgcruz @omalestafeito @canoxa @sharkinho alguém de direita que vote nele também é!|PT0234
2|731100184080486000|JessicaCirco| Ah pois https://t.co/OSr9Os05C3|PT1151
2|731080994216902000|carolex99| Giro , crush desde a dois anos https://t.co/uHGoEkh4Ic|PT0382
2|731072025377292000|jucaa_b| @quenomeidiota primeiro... Quem é que levou? E segundo... Porque é que eu não estive incluída nesta missão?|PT0037
2|731076380251856000|nadia20ramos| A SÉRIO, QUERO DOMINGO|PT0203
2|731110000404381000|Marcilio_CEC| Cadê o pessoal..até agora só 4 inscritos @valeriocec @hs_coruja7 @Emersonbh @matheus_saulo09|PT1709
2|731098106180304000|milenesoeiro1| Hummmmmm análises ao sangue e à urina...... Quinei já|PT1052
2|731114139444215000|a_ingenua| Depois siga semana académica|PT1905
2|731072706427428000|brunascp5| RAÇA https://t.co/qemrLVD7xj|PT0059
2|731108935780995000|fabio_alex14| Meu lado normal vs meu lado sexta feira 13 quem vai ganhar ? LOL|PT1644
2|731102783433285000|FerreiraSofs| Hoje é o dia dela, Nossa Senhora de Fátima, rogai por nós! ???? https://t.co/UV8ocSa6EE|PT1312
2|731091178859462000|brunaraqell| @dianaaraquel não me vou esquecer ahah|PT0772
2|731074471067586000|DaniBotan| Não sou paga pra isso, tiro se quiser. https://t.co/Y2oov1kdeo|PT0124
2|731113181658140000|catreynaud| Nem sei dizer se o teste de filosofia correu bem ou mal|PT1853
2|731102039334342000|bruuhfilipaa| Uma grande miscelânea de sono e preguiça|PT1259
2|731102019008790000|xah_linda| @_pedritoo_ pronto, são cenas|PT1256
2|731113235441680000|santanaa_men|" @souateresa_ ... vai ser campeão"""|PT1856
2|731112022113419000|beckhamwife| exatamente 5 meses para fazer anos|PT1797
2|731108725239468000|AfonsoBrilha23| Já repararam que hoje é sexta-feira 13 ?|PT1634
2|731090660024029000|ines13nunes| Nao tenho passe, vou ter de pedir ao vitor ou à Matilde|PT0753
2|731100359440125000|notyrbbygirl_| Tou em casa d Rui|PT1162
2|731105542555480000|mm_oiveira_| da pa positiva|PT1458
2|731108607618584000|bazoumanos| Vou comer francesinha ????|PT1623
2|731077444011208000|patricemerces| @dudesoueu também já respondi amor|PT0250
2|731102549244317000|gabrielflima7| @joaotiagow vou já, vim almoçar ao planetário|PT1296
2|731071866589315000|Carolbarbosa142| Hoje vai ser a manhã toda a falar da visita a Barcelona|PT0027
2|731101260024254000|PeanutBJealous| Eu peço desculpa às pessoas 1000x por dia, porque lhes toco sem querer|PT1213
2|731098730393415000|DyMagalhaes| Quando me disses te olhos nos olhos beija me fiquei tipo omg ??????|PT1086
2|731114157622333000|robsonterra92| @BETOBIANCHIESP estadio 11 de novembro, ja joguei neste estádio ????????|PT1907
2|731103290729979000|heloisie| proibido proibir #wisdomwalls @ Praia De Matosinhos https://t.co/ffjz6PcZzj|PT1350
2|731073027136466000|TaniaChocolataa| não tenho aulas hoj|PT0068
2|731104794614607000|sobiancasf|" "" deves pensar que estamos na tua terra "" lol cães"|PT1425
2|731109019851624000|BeatrizMRochaa| @diogopereira97 achaaas mudei de ideias muito rápido ?? sabado vou all Black com tennis , pauso mt na mm ????|PT1652
2|731101873739051000|pandanuns| @MiGuimaraes6 és o rei|PT1242
2|731096145561288000|MandaNudeFofa| G-EAZY domina tanto|PT0975
2|731111098427027000|bruna_gomiis|" História da minha vida: ""Mãe estou a juntar dinheiro para comprar o álbum"" *passado uma semana* ""Mãe já dá?"" #????? https://t.co/LbloJCCGSy"|PT1751
2|731098103508570000|Vikinga1902| Faltam-me 2 testes e 3 exames para acabar o Secundário|PT1051
2|731111844459483000|Luanitaa14| Queria tanto que viesses comigo|PT1792
2|731115312645603000|tiagoxmiranda| Slimani vai p Leicester? Fds|PT1959
2|731072540479750000|alexismrr11| Alan Ruiz e o Spalvis, vamos ver como é q estes se vão safar para o ano|PT0055
2|731096605491888000|Little_Ktrouxa| #????? cuidado que isso assim dá spam e dps não conta... https://t.co/yDHivMYSUF|PT1002
2|731100662944178000|djuuviiegas| Comeram me os gelados??|PT1181
2|731112640567709000|joanaritamimoso| Vou ter texte de história!!!!|PT1828
2|731092660757352000|micaelaparedes8| já estou com a bateria a meio pq estou ao tempo ouvir musica no spotify|PT0839
2|731115213806784000|BTS_danca_BR| 40 minutos**|PT1954
2|731071910025539000|CristianaBrito_| A moral é tanta que até me da para rir|PT0030
2|731078366980395000|gostodedoces| Estou de fim de semana desde terça-feira... Se ela pode|PT0287
2|731073126801539000|fabiodph| Fse ahahha|PT0072
2|731073734166056000|TmvWa| @CarlaKarina____ Txe cabeçuda|PT0100
2|731094599456989000|luisfsantos18| A bá e o dores estão a falar de futebol|PT0926
2|731094321336815000|pipaalexandra18| Estou na aula de ciências a ler o livro de português|PT0914
2|731109699681198000|ataoputos| 12 vezes ahahhaahha|PT1699
2|731110831115673000|skyisfalliing| Comi um donut|PT1743
2|731103342982774000|Pierre_Slow| Parece que vou ao alegro com o Ivo e com o ruy|PT1351
2|731113550119358000|Guterres___| Só quero setembro para ter ganda horário e poder treinar outra vez|PT1874
2|731102442545393000|2fancy4kids| @pedrinho_braga4 @Neca_3 onde vão ?|PT1284
2|731101506116714000|GingerNoseYT| @pilanatuatesta vais jantar??? Fds jantas cedo|PT1225
2|731091563032498000|_bernardo1299| @_bernardo1299 olhem só o bro da esquerda|PT0791
2|731076704584749000|gostodedoces| Segunda era de se ir comer um crepe|PT0221
2|731099149211455000|sobiancasf| Vocês ñ falam cmg acham mm q vou eu andar a correr atrás de vcs ?|PT1099
2|731096088862674000|sweetabortion| Já me perguntaram tantas vezes se tava ganzada enquanto só me estava a dar uma travadinha das minhas|PT0973
2|731107242959880000|DyMagalhaes| @Smiguel2000 Se fosses po caralhinho?|PT1539
2|731093742732644000|ManuelMirassol| @catiaf92 sabes bem ahah|PT0890
2|731098793316392000|ARMYbabo| #BTS #????? aquele momento em que bate a fome mas a preguiça nem pra levantar 1 dedo ajuda|PT1088
2|731108468053188000|BeatrizMRochaa| Vou all Black para a sal , com batom vermelhao, bate muito em morenas ??|PT1618
2|731088068791439000|2fancy4kids| @Neca_3 como queira amigo, já vou para casa ??|PT0673
2|731104626968236000|ScmoSilvia| Amanha ha jantar! ??|PT1411
2|731113118848417000|catevarela10| Notícia de última hora: Catarina Varela chega a horas a uma aula Rejubilem pessoal!!!!|PT1850
2|731100891684712000|Liittlecaat| Nada de Mac pelos proximos tempos, ontem foi muito.|PT1192
2|731105173058244000|ErikaCorreia12| Quando a minha mãe tabem disposta ?? https://t.co/hIGZmPnzx2|PT1446
2|731085757943808000|fuckyesmiles| segundo a mídia, a miley está grávida do seu décimo filho https://t.co/mmxSDcvFHh|PT0563
2|731075167280087000|ty_only| Bom, eu queria ir comprar um macacão mas com este tempo mais vale comprar um casaco|PT0150
2|731091900460044000|isabelmontefoto| Acabou a festa!!! ???????? #isabelmontefotografia #estúdio #fotografia #fineart #fotografiafinearte… https://t.co/80lyQAKV7B|PT0809
2|731101882832306000|Mariana_esteba| Agora só me falta ter paciência para ir ao Lancaster|PT1243
2|731082960649211000|wtvPPP| @JoaoPMirradinho só entro com 18|PT0471
2|731090021470605000|mafalda_blanco| Eu levo tudo na brincadeira e esqueço me que nem sempre toda a gente é assim|PT0737
2|731089714892148000|thevxrve| Tá uma campanha https://t.co/N9eAwsI7lo|PT0725
2|731080789639741000|sharkinho| @omalestafeito @diogomgcruz @canoxa Entendi-te! :)|PT0372
2|731085263569588000|Marcilio_CEC| @CWSouza10 @Nando_Lango posso te confirmar?|PT0541
2|731102617594679000|chegapralaputa| Então porque não te calas?|PT1301
2|731111379718033000|nightangels30| Oiii, @anabeaRSI aqui a invadir o tele da Megs ???? #?????|PT1764
2|731101708504444000|PauloMike4| Não te quero perder|PT1234
2|731108376457973000|ataoputos| que saudades dela!|PT1616
2|731114190920880000|patricemerces| Nem sei o que vestir|PT1910
2|731078564603437000|bruna_gomiis| Bem que podiam por bts #BTS https://t.co/21RF0JseDz|PT0293
2|731071582509125000|DuarteMarques| @filipenb igual para todos, doa a quem doer,l|PT0010
2|731091859385274000|Chiquiwinquii| @SuseFerrao nada amiga|PT0805
2|731099358968565000|ya_putos| Metam fav que eu faço quando chegar a casa|PT1112
2|731111898603753000|btsportugal| Podem seguir as posições neste link https://t.co/r6vpPT41jv #BTS #?????|PT1793
2|731112577753874000|bbsr99| @rafaelaguer18 não sejas agressiva, senta-te e respira ??|PT1823
2|731086333523984000|DJuninho312| @stressed_out3 sou sempre ??|PT0579
2|731081645776900000|mrsdrought| És tipo puzzle, toda a gente quer montar|PT0414
2|731111393760559000|semprecomfome98| A serio q aquela gaja tinha q mandar mensagem?|PT1766
2|731104420319117000|SouOSrJoaquim| @ofc_hun Mais ou menos ya|PT1401
2|731071731817975000|maria_beatriz97| Se eu não fosse fazer promessa este ano nem metia lá os pés. Juro.|PT0022
2|731089485119799000|alexismrr11| @nightgetsdark não há nenhuma parecida xDD agr q estou a ver|PT0716
2|731073450740203000|19ivoteixeira98| @calladocondios então vá ri-te uma beca!! ?? https://t.co/EzaiyKRxvH|PT0090
2|731091730720821000|laura_tommo91|" "" (...) Ser fã é não conseguir explicar em palavras o que passa dentro de si ao pensar naquela pessoa (...) """|PT0798
2|731102082594443000|Marcilio_CEC| @_kesenna é o melhor a fazer...só controlar a vontade e ansiedade|PT1265
2|731087428468023000|covinhass22| @shrekismine as festas de Oeiras são nossas|PT0636
2|731089164280733000|ferreiravts| Fui dar aula no ginasio as 9h localizada , tive aula cheia|PT0705
2|731100149813018000|SouOSrJoaquim| @ofc_hun Não mas precisava de uma maneira de te dizer para vires ter comigo ao bar|PT1146
2|731076137900748000|outs291| Vem setembro tbm ???? https://t.co/s68JQShdpF|PT0191
2|731099966433861000|djuuviiegas| Nao consigo respirar|PT1139
2|731082504774504000|DJuninho312| Assim já és thug https://t.co/tup62nd1xM|PT0455
2|731084058176946000|MarinaFilipaL| Finalmente é hoje ?????? https://t.co/ay6jEqbMyC|PT0502
2|731099790650552000|joaonunooli| Gd noite a toa ontem ??|PT1130
2|731088256662544000|CSofia_Ferr| Meu stor de filosofia parece o Harry Potter|PT0680
2|731091208332845000|ruiiisantos| É smp assim cmg xD https://t.co/PnobOFIwvt|PT0773
2|731071695965044000|wtvPPP| @JoaoPMirradinho sim é ela que me vai la por|PT0019
2|731094188998164000|nightangels30| @btsboyspt um dia destes ainda nos vemos . Vais ao meet no verão ? #?????|PT0908
2|731098618069913000|OlaDaMary| vim mm fast com a bruna para a estação e perdi o comboio|PT1081
2|731107891218944000|MeguiArajo| Pqp o teste de amanhã https://t.co/XMIxlieDMx|PT1583
2|731113126570164000|djdeephunter| @sou_agomes mas entrei as 7.30 quem é q tem sorte ?|PT1851
2|731076875469107000|ElCandido1904| Mudaram o jantar da despedida das outras malucas para hoje por isso já posso ir|PT0235
2|731102333887729000|outs291| Quando tua irmã mais nova tem curiosidade pela fotografia hehe https://t.co/34FMdkMQw9|PT1276
2|731084408585912000|o_tal_dread| @sofia_grade pq proxima dou querida ??|PT0513
2|731082709137825000|Loispinhao| Mais vale cair em graça do que ser engraçado|PT0459
2|731113836007297000|heyfabxo| eu se pudesse comprar um carro ou era um nissan skyline ou um nissan gtr|PT1888
2|731114561017925000|nightangels30| Eu no tele dela e ela a fazer um trabalho ???? MAS FALEM-ME DAS SELFIES DOS MENINOS MDSS??????Eu so grito ahaha Qual foi a vossa reação? #?????|PT1932
2|731083315617378000|2fancy4kids| @Neca_3 ninguém cai da varanda do 8º andar Neca AHAHAHAHAHAHA|PT0482
2|731111661654953000|k4rdz| Olha que voltou de há 3 anos atrás ahahaha???? Gelado E.T. Minha Casa… https://t.co/a0q0kcn53T|PT1780
2|731091355938791000|AndreiaCunha16| Preciso tanto do pessoal de santa cruz|PT0781
2|731114245400711000|Mariajoao13_| Já tenho os bilhetes p domingo ehehheh|PT1913
2|731100494932901000|GuiMSP| Se for será mesmo só no sábado #sdj #elvas|PT1173
2|731105031693422000|EricaPereira74| Quero mt ir à Primark, a sério. Mas tb quero ficar à espera da minha princesinha|PT1436
2|731101503935680000|atnpedro| @Luis_maga eu estou a caminho|PT1224
2|731107248034975000|Cacaudtv| Juro que ando a pensar seriamente em apagar o meu tt|PT1540
2|731103029383036000|EduardoMigueis| Não sei se vou para Barcelos|PT1329
2|731081591875899000|bruna_gomiis|" #????? Estou na escola, com 2 amigas armys a tweetar feitas malucas enquanto está a haver um ""espetáculo"" na escola...I don't care ???? Bts?"|PT0412
2|731092149740183000|_bernardo1299| @CarlaCastrro e eu vou estar em Espanha ??|PT0819
2|731091577179914000|AndreiaCunha16| Estou a ver um filme|PT0792
2|731082905401872000|Eloicardoso| Mais vale cortar agora|PT0468
2|731110037066797000|cimazyklonb| o gay do gui falou em ca agr ficou a apetecer jgr vou instalar|PT1711
2|731089378894745000|maguedes00| sou do tempo emque no meu 1ºinter rail um holandês me perguntou: se eu era da terra onde havia uma santa q dava uma moca desgraçada #Fatima|PT0713
2|731114717901664000|atmcarmo| Um dos parques de estacionamento da Sonae na Maia só tem BMW e Mercedes|PT1940
2|731081902380224000|AlineVonMed| ?? Mais um #ChegadosDaAli que quero mostrar pra vcs. Essa Obra de Arte da @darksidebooks que eu… https://t.co/wTXUZ3D3yZ|PT0429
2|731098196521390000|alexandraicm| já me mentalizei que vou já começar a limpar a casa para ficar o resto da tarde livre|PT1057
2|731086076216025000|dama_musubiaa| só espetáculo|PT0571
2|731114457879973000|catbell26| Estamos em casa do repolho|PT1925
2|731113398524641000|AutismoOver9000| Eu não gosto de marisco, estarei eu a discriminar marisco?|PT1861
2|731088198064066000|Padremoises| Hoje dia de N. Sra. de Fátima, peçamos sua intercessão por todos nós! @ Santuário de Fátima https://t.co/kM120ro8qM|PT0676
2|731073926600785000|a_tal_ciganinha| Em palmela chove bue|PT0109
2|731077564614184000|EricaSo99153018| Opah quero dancar kizomba ,quero sair crl????|PT0256
2|731076184541429000|sharkinho| @omalestafeito @diogomgcruz @canoxa No twitter já me deparei com diversos apelos dessa natureza, podes acreditar.|PT0192
2|731096136493240000|TheRawJax| @gandaparvo fica para a semana|PT0974
2|731096710622154000|mariamcorreia16| @agajaqueamas Be tenho falar contigo|PT1009
2|731101006117928000|ARMYbabo| #BTS #????? eu não sei o que escrever mas vou escrever nem que tenha que escrever qualquer coisa que me venha à cabeça|PT1201
2|731101948720615000|gabrielflima7| @GongaMonte ohh, tenta ver se eles meteram o video no YouTube e procura nos comentários|PT1249
2|731096414336503000|alexandraicm| eu mando as dicas mas parece que ninguém percebe|PT0990
2|731113676376293000|Guterres___| Sinceramente tenho mm ganda vontade de treinar e evoluir e não posso ocupar a minha cabeça com mais nada|PT1883
2|731102635357552000|SouOSrJoaquim| @ofc_hun @cquintafeira @m_elaniechris Porque sei lá|PT1304
2|731089026040627000|rafaelamtlinda| tou a perder bué anca, as calças tão todas a cair-me|PT0700
2|731109129037709000|MafaldaaMiranda| De volta a mira|PT1657
2|731075701252739000|ariadna3_| @monicasalex sempre juntas|PT0172
2|731108358363725000|_dassy_| o pedro está a dormir e eu estou a roubar net eue|PT1614
2|731080110552518000|AnaCatarinaRuiv| segunda feira aula de condução as 13:00|PT0345
2|731094543714664000|JessicaCirco| Será que o calor vaio pra ficar|PT0924
2|731109589752647000|heyfabxo| @catarinaniratac lmaooooooooo como é que sabes|PT1695
2|731097701467721000|bruna_gomiis|" Não é à toa que a minha suposta vida virou ""bangtan sonyeondan"" Eu quero um vídeo dos coreanos do meu kokoro para nós tugas?? #?????"|PT1039
2|731104324231761000|kikaabela| Ui sexta feira 13, cuidado ... ??|PT1394
2|731077277933547000|chegapralaputa| Vou masé bazar|PT0247
2|731100929290850000|Marcilio_CEC| @_kesenna a gente pode negociar :P kkkkk|PT1195
2|731095484262141000|nightangels30| @btsportugal como é que se ve em que lugar estamos na tag ?|PT0954
2|731106057397927000|ocarapodre| TOU DE FIM-DE-SEMANA ????|PT1489
2|731111067741487000|faruoezil| @Alaboooom E podes trazê-lo à visitar o Porto o estádio e as fãs de cá tipo eu ????|PT1750
2|731081366805331000|pe_anderson| Hoje dia de agradecer a virgem Maria, mãe de Deus e nossa, a sua intercessão e cuidado, sob o… https://t.co/K3ZU8LORjQ|PT0402
2|731099002867990000|pipinhantunes| e a Matilde a olhar para a gaja Ahaha ??????|PT1094
2|731109577446576000|BryandeBrito_04| Eles tão a afirmar que o ''Argelino'' (Slimani), está de saída, vamos lá ver se não levam baile outra vez|PT1692
2|731091866121293000|classyxbitches| Por isso é q n tenho despertador https://t.co/taXbDoOo7L|PT0806
2|731091582229843000|wayaawayaarpk| A minha sizta nc mais chega|PT0793
2|731103212699275000|djuuviiegas| O meu prédio cheira a coco (fruta)??|PT1342
2|731101956807266000|BazaChaboto| @ruben_neves97 vem como tu quiseres|PT1251
2|731101700552032000|Guterres___| Sexta feira 13 dura todo o ano na minha vida|PT1232
2|731073158120415000|TaniaChocolataa| tenha*|PT0080
2|731100368076189000|FerreiraSofs| @mannumalencar Hahahaha já marchava ??|PT1163
2|731100163406737000|Danniie_____| HAHAHAHAHAHHAHAHAHAHAHAHHAHAHAHAHAHAHAHHAHA essa miúda não é normal desde pequena @KarenKariiina ???????? https://t.co/IfXlHjRllG|PT1148
2|731108136464056000|adriana_moura97| As mandalas da Helena ?????? @ Escola Secundária de Pinheiro E Rosa https://t.co/lZ6oGJ8Xcs|PT1604
2|731089988465659000|CatiaFilipaaa| Vou a entrar em depressão com o memorial do convento|PT0735
2|731104804957786000|vnunesvicente| @Constanca_Bel16 a bilheteria abriu às dez e o meu pai foi as nove e tinha umas 100 pessoas à frente|PT1427
2|731111750481936000|Marcilio_CEC| @itau atualmente recebo meu salário no Itau, e gostaria de mudar de banco. Quem eu procuro primeiro, vocês, ou o banco novo?|PT1787
2|731099596349440000|GuiMSP| Este ano ainda não fui à sdj #elvas|PT1120
2|731112449991159000|MatildeJustino| Se tiver a espera que mandes msg, bem que posso esperar sentada...|PT1814
2|731101679727345000|Hernanifigueir3| @poveirolx descobrindo o prazer|PT1231
2|731090760184045000|jpfpenedo| @Record_Portugal está castigado... isto é jornalismo?|PT0759
2|731099129900875000|xhii28| Aquele sono pós almoço|PT1097
2|731087995948937000|Chiquiwinquii| O melhor é ficar por cá que aqui ninguém me chateia|PT0663
2|731079430089650000|silva_m28| Hoje pelos vistos está a ser dia de hip hop na escola.|PT0316
2|731113405034201000|BTS_danca_BR| To vendo shipp novo já #????? #BTS https://t.co/ZYqSEBkqNL|PT1862
2|731111014859689000|eusoucampeao| @Yoko1904 a @oisantinhos andou a usufruir dos teus descontos|PT1749
2|731085498178015000|Mrs__moura| Estou na magia dos sons e esta a ser ganda seca meu fgoo|PT0552
2|731072072777093000|covinhass22| @crisjamdigga medricas|PT0040
2|731083789611479000|Little_Ktrouxa| #????? essa tag vai ser meu entertenimento em todos os intervalos ?????? https://t.co/gfiYwQn4Hk|PT0496
2|731100618291564000|djuuviiegas| Acho q é ricardo|PT1177
2|731106161815109000|_cf16| Acho que a tarde vou dormir um bocadinho para logo à noite|PT1496
2|731103771808436000|ManuelMirassol| Pilas pra voces .|PT1366
2|731093133656788000|murtuense| Um mês, de mt mudança|PT0863
2|731080877397184000|ya_putos| Em quem? E quem deu? https://t.co/Yxtf8Vt8m2|PT0378
2|731112896181223000|Rutekawaii06| Armys bora lá aumentar o tag #BTS #????????|PT1840
2|731104845973868000|NeloOliveiira| @1fuckinglife o sr. Triplo duplo resolveu|PT1428
2|731106274100846000|deboradelto| Tenho a orelha esquerda a ferver|PT1502
2|731071986114412000|Arede_52| @amdarkcousin e verdade, já lá vão 3 tentativas de quedas falhadas|PT0034
2|731092490586079000|soraiapacienci1| @tatipaciencia1 ela cancelou o tt, fui pesquisar no google|PT0834
2|731114242741534000|RitaaAfonso| O problema de muita gente é que não permitem aos outros fazer coisas que ela também fazem|PT1912
2|731074647140274000|USF_AN| #8ENUSF #internato A discutir o grau de satisfação dos internos relativamente ao internato de MGF https://t.co/A4Anvzl0mw|PT0131
2|731077871616315000|sarinamariah| Aindaa vai alguém pa rua|PT0270
2|731103053768724000|sobiancasf| Aí a sério AHAHAHAH|PT1330
2|731093887410950000|alexacraivanu18| ESTA AULA PASSOU BUE DEPRESSA|PT0898
2|731093292776103000|o_tal_dread| @sofia_grade n me contas nd ??|PT0872
2|731088841218641000|brunaraqell| nem sei o que vou dar ao meu irmão nos anos dele|PT0696
2|731114916682334000|ya_putos| Mandem la dm|PT1947
2|731078663651897000|Hernanifigueir3| @BrunoBernalXXX hexistem muitas|PT0295
2|731076553015209000|bruna_gomiis| Armys portuguesas ponham localização! Fighting! #?????|PT0213
2|731087048703152000|dama_musubiaa| @ntapegadoduz @_alsaints_ eu sei caga só|PT0621
2|731103280802201000|djuuviiegas| Faz me lembrar o estúdio ??|PT1349
2|731079704476811000|_scsheeran| Hoje não é dias das mentiras mas podia ser|PT0323
2|731098482040295000|OlaDaMary| já acabei as aulas|PT1068
2|731103090724769000|ya_putos| Hoje nem vamos estar juntos.|PT1332
2|731116316107649000|RVF_b| Estou a espera para entrar para a entrevista, uma abelha já quase que me picou.. não me deixava a puta|PT1989
2|731072608553345000|RafaelaaSsousaa| Ah, e dia 31 tenho exame de introdução com matéria dos dois semestres, ou seja, tenho que fazer duas cadeiras num exame...|PT0057
2|731092734421942000|micaelaparedes8| basicamente desde que acordei ainda não larguei o telemóvel|PT0843
2|731086502810259000|fuckyesmiles| sei lá, ainda tenho impressão de que alguns smilers ficam esperando coisas da miley que não condizem com quem ela realmente é de vdd|PT0593
2|731102906649317000|al3shandra| @xxmaff mas eu queimo metade da massa porque ela fica encostada ao tacho|PT1321
2|731087742617145000|2fancy4kids| @Neca_3 manda dm ou contas segunda|PT0651
2|731077702116069000|sarinamariah| É so rir|PT0262
2|731103797322391000|orlandokkuia| Daqui A Nada Partiu Ccc ??.|PT1367
2|731106125970608000|Pequeeeeninaaa| Era o fim de mt gente https://t.co/6a0QY9sW2M|PT1492
2|731102686234431000|nvm_batatz| Acabei de gastar 8€ em comida e agora nem consigo comer ?? fuck damn it|PT1306
2|731106884636295000|popovici420| Descansar bem que à noite é boda|PT1526
2|731074987721936000|sharkinho| @canoxa @omalestafeito Não faltam apelos de apoiantes de Sanders ao voto em Trump, caso seja a Clinton nomeada.|PT0142
2|731102105063305000|GingerNoseYT| Yh tou a rebentar com os fones dele|PT1266
2|731094078952116000|alex16pereira| Não é preciso falar ???? @ Praia Da Azarujinha - Estoril https://t.co/AhFwAl0i9g|PT0903
2|731096564031225000|nightangels30| Ehehehehehehehh vamos chegar ao primeiro lugar ne ? GENTE PRECISAMOS DE APOIOOOOOOOOOO #?????|PT0997
2|731110243476865000|joaolol96| @ManuelGlouco VAMOS MANOLO , A QUE HORAS ME VENS BUSCAR LOGO ?|PT1722
2|731080303033364000|atetripas| Vou desligar se não dps não ouço música|PT0356
2|731108889584865000|1luvmus1c| Quinta do Lorde - Madeira https://t.co/0R3t7uTNQR|PT1641
2|731081042312986000|2fancy4kids| @Neca_3 giras são as minhas calças verdes do hospital ????|PT0388
2|731101303942811000|luanagomes234| Tenho preguiça de cozinhar e vim almoçar ao trincas.|PT1215
2|731107949607686000|HugoPelica| Isto é o que eu tenho que aturar todos os dias a hora de almoço! ?? @… https://t.co/DBm6489B04|PT1592
2|731113420674727000|OProprioZezinho| Amanhã vou cortar o cabelo ??|PT1864
2|731114334512893000|PandaNeno| Logo cerveja pro bucho!|PT1917
2|731107539211976000|2fancy4kids| @Neca_3 @pedrinho_braga4 andas sempre em jantares tu, então vamos no próximo sábado ????|PT1558
2|731104973027721000|unrealbirdgirl| Pus na rádio e começou a dar kizomba. Que vontade de dançar, oh paaaa.|PT1432
2|731073300693127000|_DoctorJohn_| Esta aula de química...|PT0087
2|731087547162562000|patricemerces| @TheDaniel1997 ahhhhh pois AHAHAHAH|PT0642
2|731110215920291000|_FernandaVidal_| Tenho saudades de quando falávamos bue|PT1719
2|731080254333321000|ines_salgadoo| @Pikena_Loira16 em todo o lado. ????|PT0350
2|731103968047333000|2fancy4kids| @pedrinho_braga4 @Neca_3 então depois vejam se me dizem alguma cena ao certo|PT1376
2|731105076056559000|isidroskricardo| Meu tropa ?? @ Escola Secundária José Saramago - Mafra https://t.co/X40rlPDFxj|PT1440
2|731108199563137000|diogobatalha|" Ele resolveu perguntar para quem diz ""Voce votou no Temer tb"" se sabe qual era o nome do vice do Aécio. O resultado vai te surpreender."|PT1608
2|731094279406403000|thevxrve| @mogokorp ficas connosco|PT0912
2|731109102559072000|CupLopes| Tou bué atrasada nisto|PT1656
2|731102833458741000|barbarac0sta_| Sexta 13 com as bitches https://t.co/FuZn3ww37A|PT1316
2|731074257267085000|Mipa1898| Vou por o móvel a carregar|PT0118
2|731075027253235000|MiudaDoFCPorto| Obrigada ?????????? https://t.co/zCBkZpXyZ3|PT0143
2|731098768230232000|pipinhantunes|" "" QUERES UM BEIJINHO??"""|PT1087
2|731111220997177000|Rute_Barreto| Jr por td q curtia de ter ido a Fátima|PT1754
2|731091128209055000|wayaawayaarpk| Siga siga bora bora|PT0771
2|731113571627769000|tiagoxmiranda| @joaomarialino a copiar as tuas poses txe https://t.co/iy2IbidBEp|PT1879
2|731094873789632000|nightangels30| @btsboyspt eu vou porque a minha amiga é irma da rapariga que vai organizar o meet #?????|PT0932
2|731083478570258000|tendenciaazores| Sugestão da #tendenciaazores para o dia 13/05. Aproveite só hoje a promoção de 10% em todos os artigos da sugestão. https://t.co/f6Xadn0LhU|PT0485
2|731112713724809000|Marcilio_CEC| @Danilow até hoje não entendi como funciona esse esquema da Meluiz|PT1833
2|731104584756801000|Mipa1898| Vou agora para a visita|PT1408
2|731085482369634000|dama_musubiaa| no meio disto tudo eu que me devia opinar|PT0551
2|731089240168235000|_scsheeran| o seu olhar possui, num jogo ardente, um arcanjo e um demónio a ilumina-lo|PT0707
2|731090379739693000|nmgoncalves| Derradeira aprovação aconteceu mesmo agora na AR! ??????????????????????????????????????????????????????? https://t.co/7yUPiPjZTe|PT0746
2|731080585951739000|nategotkilled| @shitsokey eu vou aí hoje|PT0365
2|731071788151656000|joseavsantos| Realidade alternativa. https://t.co/46UVs8xUoI|PT0024
2|731111734782525000|joaonazza| Quando vais ao museu e encontras o Pinto da Costa… https://t.co/anXb1jlW0n|PT1784
2|731088054199435000|Lari_Borges2| Carbonnara ??|PT0669
2|731092011399385000|wayaawayaarpk| 'Pensamentos positivos são a chave p singrar'|PT0813
2|731108428681076000|JoanagsantosVfx| É verdade que o @slimaniislam vai sair do @Sporting_CP ?|PT1617
2|731083797081534000|fuckyesmiles| só me toquei que hoje é sexta-feira 13 porque li aqui|PT0497
2|731102499449507000|NeloOliveiira| A final da nba é cavaliers vs Warriors|PT1289
2|731106851232878000|deboradelto| Acabei de rt que não recebia nenhuma mensagem inesperada e acabei de receber uma ??|PT1523
2|731087724657188000|MadalenaPires9| Preciso mesmo de levantar a nota|PT0650
2|731084620389842000|Little_Ktrouxa| #????? Aí não há salvação mesmo https://t.co/NyfG0p0lhS|PT0520
2|731100997104308000|nvm_batatz| N tou aqui a fazer nada mm assim|PT1200
2|731080275455815000|2divalol| Cadê Portugal amiga? https://t.co/CIBNUJOLKa|PT0355
2|731091453808676000|AndreiaCunha16| O meu best hj tava a para atrofiar cmf|PT0786
2|731105189818736000|wtvPPP| @JoaoPMirradinho é sim..|PT1447
2|731096347407974000|bruna_gomiis| Nossa senhora o tempo aqui é tipo: chuva sol chuva mais sol e depois chuva ?? O tempo representa meu estado de espírito #?????|PT0985
2|731079081412984000|bolpipi| Miguel ta a pintar|PT0305
2|731107644098891000|hmsirecarga| @fredthecreatorr se calhar porque ja nao vou á uma semana ahhaha|PT1567
2|731076980037300000|georgeabcosta| A um mês a família reunida em agradecimento por todas as… https://t.co/tpRw1vMyUm|PT0241
2|731103186350673000|al3shandra| @xxmaff MAS EU FAÇO ISSO E QUEIMA SMP|PT1340
2|731102772209287000|CiscoORei| @therealdiogo08 pedro pereira do Sporting, conheces ? ahahah|PT1311
2|731085597889179000|diogobatalha| @RainhaAnsiedade Leia primeiro a revolucao depois 1984 se quiser ler os dois. Pq depois de 1984, revolucao vai parecer bobo.|PT0557
2|731080676561309000|Margarida_m99| @Margarida_m99 por um Husky ?? quero um nos meus anos, tou a falar muito a sério|PT0368
2|731103014690377000|paula1994bizzle| Já não tenho crush #livre|PT1326
2|731115302260473000|CupLopes| Tenho mais q fazer|PT1957
2|731079821846024000|alexandraCo99| @fckpti recebemos o teste de inglês bby por isso acho que nao perdeste muito hahaha|PT0329
2|731085391864954000|Little_Ktrouxa| #????? QUANDO EU TIVER UMA CAMISOLA DOS BTS PQ EU ACREDITO QUE VOU TER NEH VOU TOMAR ATE BANHO COM ELA!|PT0549
2|731078749156982000|_Filipe98_| Fumar uma weed antes da aula do rufos|PT0299
2|731099212281188000|DyMagalhaes| Nós não era amizade era mais que isso era os nossos momentos que ninguém adivinhava o que se passava????|PT1104
2|731105720612048000|NeloOliveiira| @1fuckinglife vitória dos heat|PT1468
2|731077681207496000|PEDRONARCISO2| “Para Que Todos Honrem o Filho, Como Honram o Pai. Quem Não Honra o Filho Não Honra o Pai, Que o Enviou.”-João 5:23-39.- Complementar|PT0260
2|731102514695815000|CuteTeixeira| eu não queria fazer isto, mas é o melhor para mim|PT1291
2|731073075316461000|TaniaChocolataa| não vou ficar a seca em casa|PT0069
2|731112861985046000|xarocapower| Esta tarde livre vai me saber pela vida|PT1838
2|731100399990673000|GuiMSP| e ainda não sei se irei #lt|PT1166
2|731108604787478000|souamarianaaa| ?? a minha indefinição é tanta que não sei o que sinto ?? @ Lisbon, Portugal https://t.co/fy7P63u3eT|PT1622
2|731109437356838000|CarlotaSilva16| Ensaio a tarde toda|PT1679
2|731104356339191000|nvm_batatz| @tiagodimas2 qeq eu faço dimas? Diz-me lá ??|PT1396
2|731089994580938000|MandaNudeFofa| cai fora|PT0736
2|731104402170368000|YedaSilviaDias| simplesmente de boca aberta contigo :b — Porquê? E quem és tu? https://t.co/vsnjfbX9mh|PT1399
2|731102586133204000|ABenfiquistaFIX| Sermos tricampeões e na segunda de manhã acordar um lagarto ao som da BAILANDO. Vidax|PT1298
2|731087132941529000|dama_musubiaa| @kindasavij responde no off|PT0625
2|731076663350579000|ritamoreira331| reggaetton e kizomba batem tanto na noite|PT0220
2|731110183586439000|catacerejeira| Ando a comer como um javali|PT1716
2|731113501398343000|OProprioZezinho| Vou me despachar ??|PT1870
2|731074788899340000|sergioribeiro91| @21_pretinho manda-lhe 2 beijos|PT0139
2|731111693351309000|regibabygirl| Especialmente das minhas amigas|PT1781
2|731094667702456000|sooofsss| É por causa de pessoas como a Becas, que eu não deixo que as pessoas mexam no meu telemóvel.|PT0928
2|731081235250991000|imvf| 1º Comité de Pilotagem do UE-ACTIVA, promovido pela Delegação da União Europeia na Guiné-Bissau, no dia 28 de abril. https://t.co/dmbQHY3h6L|PT0395
2|731108803953954000|CupLopes| Fg eu disse q ia ligar à Sara mas agr não dá p mandar kolmi não sei pq|PT1638
2|731073709583290000|Mipa1898| Hoje saio as 19:30 ????|PT0098
2|731109425340157000|anaritabmvf| O Xelas pintou-me a mão de azul ??|PT1678
2|731071692676726000|neurobombastica| @Pequena_Ariiel obvio irmã ??|PT0018
2|731083692249128000|fcascao97| @pacotesexyy comes aí ?|PT0490
2|731075596848144000|Mrs__moura| @badi_kp E conseguiste mesmo ???????|PT0166
2|731082179011330000|AnairCorreia| Sexta feira é dia de não ir a aula nenhuma|PT0439
2|731105651020189000|veraaasousa| So espero que a drica venha as 5 e fique comigo.|PT1466