ID Comentario,Mensagem,Classifica√ß√£o,,,,,,,,,,,,
1009026819197921_1811964642375567,"Que opress√£o em cima deles meus Deus hahahhaha , #Bolsonaro2018",1,,,,,,,,,,,,
1009026819197921_1888320954759933,"Milh√µes de vozes que pedem por um Brasil descente, eu digo repetidamente, Bolsonaro Presidente",1,,,,,,,,,,,,
1009026819197921_569354926592951,Ai numa pesquisa no face dos Petralhas pra quem o povo escolheria pra presidir a camara e ai pah...Bolsonaro arrebentando hahahaha,1,,,,,,,,,,,,
1009026819197921_247036862390000,Vergonha alheia! P√°gina esquerdista e mesmo assim o Bolsonaro t√° bombando!!! #ChoraMais #BolsonaroNaC√¢mara,1,,,,,,,,,,,,
1009026819197921_1596444243705059,Bolsonaro Presidente da C√¢mara e do Brasil,1,,,,,,,,,,,,
1009026819197921_338566433204007,Jair bolsonaro Presidente do Brasil,1,,,,,,,,,,,,
1009026819197921_1325237567537009,"BOLSONARO,  o √∫nico ficha limpa.",1,,,,,,,,,,,,
1009026819197921_1770227479964840,".
V√£o votar no #Bolsonaro sim. E se achar ruim v√£o fazer campanha eleitoral gratuita pra ele.",1,,,,,,,,,,,,
1009026819197921_1357016624318857,J√° √© a segunda p√°gina de esquerda que abre esse tipo de vota√ß√£o e o Bolsonaro ganha de lavada üòÇüòÇüòÇ chupa chupa chupa üôåüôåüôåüôåüôå,1,,,,,,,,,,,,
1009026819197921_1196719120376888,aquele momento em que Jair Messias Bolsonaro ganha at√© em pagina petista n√£o tem pre√ßo =D,1,,,,,,,,,,,,
1009026819197921_103155560203950,"Que surra bonita que o Bolsonaro deu no resto dos candidatos! 
Imagina nas elei√ß√µes para presidente da Rep√∫blica! 
#somostodosbolsonaro",1,,,,,,,,,,,,
1009026819197921_247047169055636,"Eu preferia Bolsonaro imperador, mas presidente da c√¢mara j√° √© um come√ßo :)",1,,,,,,,,,,,,
1009026819197921_224551688014710,"o melhor para o Brasil √© o grande mito Jair bolsonaro

aceitem que d√≥i menos",1,,,,,,,,,,,,
1009026819197921_1305000422927398,bolsonaro vai dar um tratoo bem dado no pais! hj ele eh a melhor op√ßao,1,,,,,,,,,,,,
1009026819197921_1871877116420081,"26 mil votos para Bolsonaro, que lavada. Se fosse o povo de bem que escolhesse o presidente da C√¢mara, ele j√° estava eleito.",1,,,,,,,,,,,,
1009026819197921_1767150280273016,BOLSONARO NELES! DEFENSOR DE BANDIDO MERECE BALA NA CABE√áA!,1,,,,,,,,,,,,
1009026819197921_1196783900370410,Bolsonaro para presidente do Brasil,1,,,,,,,,,,,,
1009026819197921_1853564098256332,"Quase votei no sorriso sem querer s√≥ de ver essa lavada que estamos dando no PT...
Bolsonaro, me representa",1,,,,,,,,,,,,
1009026819197921_2294914440647459,Bolsonaro ganhando na p√°gina esquerdista kakakakakakka povo acordado choro √© livre #B2018,1,,,,,,,,,,,,
1009026819197921_164207940739716,"Galera comemorando o Bolsonaro ter perdido...

Em.um.antro de ladr√µes, ele ter perdido foi a melhor li√ß√£o que tivemos hoje...",1,,,,,,,,,,,,
1009026819197921_1892795274299172,Jair Bolsonaro √© claro mas isso √© pequeno demais pra ele. ele tem que ser Presidente do Brasil,1,,,,,,,,,,,,
1009026819197921_1931994400355738,"PT, obrigada por mostrar pro Brasil que BOLSONARO √â NOSSA VONTADE",1,,,,,,,,,,,,
1009026819197921_244297916019224,Ver os petralhas perdendo na pr√≥pria p√°gina n√£o tem pre√ßo üòÇüòÇ #Bolsonaro2018,1,,,,,,,,,,,,
1009026819197921_1888304578094904,"Pela mem√≥ria de Carlos Alberto Brilhante ustra, eu voto Bolsonaro.",1,,,,,,,,,,,,
1009026819197921_1932016580353520,√â n√≥s temos que pedir votos para o homem que vai mudar o Brasil bolsonaro,1,,,,,,,,,,,,
1009026819197921_1357001040987082,"Bolsonaro, com certeza... n√≥s o apoiamos e olha que ele nem ofereceu p√£o com mortadela... fa√ßo campanha gratuita mesmo.üòâ",1,,,,,,,,,,,,
1009026819197921_1398000293577653,"De mar √† mar, de zero a mil, queremos Bolsonaro presidente do Brasil. üéäüéàüéäüéà",1,,,,,,,,,,,,
1009026819197921_606664126190909,Sou Bolsonaro pra presidente do Brasil... vamo tirar esses ladr√µes (PT e PSDB) do poder!!!,1,,,,,,,,,,,,
1009026819197921_210786452724345,Somos todos soldados do Brasil... vamos juntos com nosso capit√£o.. Bolsonaro 2018,1,,,,,,,,,,,,
1009026819197921_1874164132852788,"Chupa, esquerdalha. O povo cansou..Jair Messias Bolsonaro na cabe√ßa!",1,,,,,,,,,,,,
1009026819197921_1590820114280378,"Aqui da p comprovar a dicotomia gigantesca entre a vontade do povo e dos Deputados,  Bolsonaro mais de 7mil, Rodrigo Maia menos de 50votos",1,,,,,,,,,,,,
1009026819197921_1596455787037238,Bolsonaro iremos ficar de olho em quem votou em vc... 2018 tem elei√ß√µes.. Bolsonaro Presidente do Brasil... pq em 2018 quem escolhe √© o POVO,1,,,,,,,,,,,,
1009026819197921_244303169352032,Bolsonaro presidente  da C√¢mara  E presidente  do Brasil presisamos  d pol√≠tico com coragem  d falar a verdade,1,,,,,,,,,,,,
1009026819197921_614570275392716,"Bolsonaro presidente hoje 
Bolsonaro presidente amanh√£ 
Bolsonaro presidente para sempre 
Hsuahushsuahauhsuahsuahhsuahsuhs",1,,,,,,,,,,,,
1009026819197921_1009029699197633,"Depois d√° trai√ß√£o que o PT fez, votando em golpista.
Eu vou agora √© de Bolsonaro",1,,,,,,,,,,,,
1009026819197921_1888306344761394,Lavada do Bolsonaro! Derrota do PT em casa. √â melhor JAIR se acostumando.,1,,,,,,,,,,,,
1009026819197921_1325241267536639,Bolsonaro viva o merecedor de tudo de bom ai neste Senado! Ele dara uma moral nesta bagunca!,1,,,,,,,,,,,,
1009026819197921_893467947459555,Colocaram uma foto do Bolsonaro com cara de mal s√≥ pra queimar o filme dele. VOTARIA NO BOLSONARO,1,,,,,,,,,,,,
1009026819197921_1893922830844809,"Msm colocando o Mito com cara de mau pra influenciar negativamente, n√£o vai ter jeito. √â Bolsonaro hoje e em 2018!!!!!",1,,,,,,,,,,,,
1009026819197921_1811987659039932,"Eles n√£o desistem de passar vergonha, o Bolsonaro sempre ganha disparado üòÇüòÇüòÇüòÇ
#Bolsonaro2018",1,,,,,,,,,,,,
1009026819197921_210763826059941,"Eu tenho 17 anos e em 2018 
estarei com 18 eh ja voto queridos 
#Bolsonaro2018",1,,,,,,,,,,,,
1009026819197921_250248838734222,"Perd√£o! N√£o tinha atentado para os nomes.  Sou mulher, mais sou mais Bolsonaro.",1,,,,,,,,,,,,
1009026819197921_1304978899596217,"Jair Messias Bolsonaro Mito! 
Fazendo valer a realidade na p√°gina dos pr√≥prios PTralhas! 
Huhauheuhauheauheuahue",1,,,,,,,,,,,,
1009026819197921_261164030987464,Nunca esperei t√£o ansioso uma elei√ß√£o igual estou esperando essa pra presidente.  Bolsonaro vai da uma lavada,1,,,,,,,,,,,,
1009026819197921_261109414326259,hahahaha... Jair Messias Bolsonaro presidente em 2018! Choooooooooora petista!,1,,,,,,,,,,,,
1009026819197921_226724144398130,Tem enquete com BOLSONARO??????? t√¥ votando nele! Chupa esquerdistas vagabundos,1,,,,,,,,,,,,
1009026819197921_1766799026972020,Chance dele √© m√≠nima. Mas para presidente em 2018 somos n√≥s quem iremos escolher! #bolsonaro,1,,,,,,,,,,,,
1009026819197921_1246487735442211,Bolsonaro neles! Presidente da C√¢mara e da Rep√∫blica Federativa do Brasil.,1,,,,,,,,,,,,
1009026819197921_261097617660772,"Falam tanta coisa do bolsonaro, mais n√£o vejo ningu√©m cham√°-lo de corrupto ü§îü§î u√©",1,,,,,,,,,,,,
1009026819197921_1359863340742846,"Bolsonaro, o √∫nico que devolveu dinheiro da JBS. O √∫nico honesto! Bolsonaro Presidente!",1,,,,,,,,,,,,
1009026819197921_191560227989596,Bolsonaro n qer presidir a c√¢mara n ele quer o presidir o Brasil kkk bolsonaro2018 melhor jairrrrrr se acostumando ptzada corrupta,1,,,,,,,,,,,,
1009026819197921_1720428167982824,Que vergonha hein? Bolsonaro ganhando de lavada em pagina de esquerda? Qual o argumento?,1,,,,,,,,,,,,
1009026819197921_458384287618725,"J√° vejo a p√°gina dizendo ""Amigos, creio que houve algum erro na enquete!"" #SomosTodosBolsonaro",1,,,,,,,,,,,,
1009026819197921_1811971102374921,"√â melhor Jair se acostumando com nosso futuro presidente.
Jair Messias Bolsonaro!",1,,,,,,,,,,,,
1009026819197921_244292452686437,Bora trabalha .Mas bolsonaro e o melhor para todos os brasileiros.Fui galera,1,,,,,,,,,,,,
1009026819197921_261129740990893,Bolsonaro um dos poucos pol√≠ticos ficha limpa no congresso. S√≥ tem projetos que beneficia o povo como todo. Futuro presidente siiim!,1,,,,,,,,,,,,
1009026819197921_1196758310372969,Eleitores informados seguem os dois lados s√≥ pra ter ainda mais certeza da escolha... #Bolsonaro2018,1,,,,,,,,,,,,
1009026819197921_1389530541097993,Colocaram a carinha de raiva pro bolsonaro mas mesmo assim ele ganha,1,,,,,,,,,,,,
1009026819197921_2218152108410897,Pelo fim de projetos sociais que s√≥ ajudam criar mais vagabundos.. Bolsonaro,1,,,,,,,,,,,,
1009026819197921_233791443697207,T√° passando vergonha p√°gina do PT ... Bolsonaro vai ganhar todas as pesquisa,1,,,,,,,,,,,,
1009026819197921_1888320431426652,Printem a vit√≥ria de Bolsonaro que daqui a pouco eles tiram a op√ß√£o Bolsonaro.,1,,,,,,,,,,,,
1009026819197921_233834853692995,Ficou feio pra vcs hein ptezada! Melhor Jair se acostumando! Bolsonaro 2018 e cana na vagabundagem!,1,,,,,,,,,,,,
1009026819197921_224399484634951,"Para o bem do pa√≠s Bolsonaro, mas ele  est√° no meio de ladr√µes ent√£o √© bom sonhar mas tudo √© poss√≠vel. Bolsonaro 2018.",1,,,,,,,,,,,,
1009026819197921_971801999617029,"Ganhar em casa √© bom, mas ganhar fora de casa √© melhor ainda üòÇ‚ù§Ô∏è
#Bolsonaro2018",1,,,,,,,,,,,,
1009026819197921_772700432877282,"N√£o adianta chora √© Bolsonaro na cabe√ßa , mortadelas . Erondina √© minha rola rosada.",1,,,,,,,,,,,,
1009026819197921_1745797462401863,Algu√©m tem d√∫vida que se o povo escolhesse quem seria o presidente da c√¢mara o bolsonaro n√£o ganharia? Bolsonaro2018,1,,,,,,,,,,,,
1009026819197921_900681650073933,"Olha a verdade aparecendo nas enquetes petistas, Bolsonaro neles",1,,,,,,,,,,,,
1009026819197921_1304969002930540,"Direcionada e Apelativa, tipo as pesquisas encomendadas, mas mesmo assim deu Bolsonaro. #Bolsonaro2018.",1,,,,,,,,,,,,
1009026819197921_1745746892406920,At√© aqui Bolsonaro ganha estourado adivinha quem vai ser presidente em 2018? Se prepara comunistas Bolsonaro chegou com tudo,1,,,,,,,,,,,,
1009026819197921_1222951821134931,Bolsonaro ganhando de lavada em uma p√°gina de esquerda. Isso que √© opress√£o! hahahaahahaha,1,,,,,,,,,,,,
1009026819197921_708325142670813,"Bolsonaro de 2018 at√© 2050!
2018 e 2022 Jair 2026 e 2030 Eduardo 2034 e 2038 Fl√°vio 2042 e 2046 Carlos",1,,,,,,,,,,,,
1009026819197921_690552431124720,"Votarei em BOLSONARO para Presidente/2018 e votaria sim, se pudesse, para presidente d√° C√¢mara.",1,,,,,,,,,,,,
1009026819197921_226743971062814,"O que d√≥i mais na esquerda √© o povo apoair Bolsonaro de gra√ßa, sem mortadela!",1,,,,,,,,,,,,
1009026819197921_1538568679491299,"Claro que o Bolsonaro n√£o ser√° eleito. Ele √© praticamente o √∫nico deputado decente na c√¢mara, os corruptos morrem de medo dele.",1,,,,,,,,,,,,
1009026819197921_210791946057129,Erundina kakakakak piadaaa!!!!! Se juntar todos n√£o d√° nem metade do nosso futuro presidente!!!! #Bolsonaro2018,1,,,,,,,,,,,,
1009026819197921_1893960050841087,"Eu quero o Bolsonaro pra Presidente do Brasil, mas pode ser da C√¢mara tamb√©m!!!",1,,,,,,,,,,,,
1009026819197921_403857863289720,Em mem√≥ria do Coronel Carlos Brilhante Ustra eu voto no BOLSONARO 2018,1,,,,,,,,,,,,
1009026819197921_1196792587036208,D√≥i n√©? Ver o cara que voc√™s odeiam ganhando na pr√≥pria p√°gina de voc√™s. Chora esquerda! Bolsonaro ‚ù§‚ù§‚ù§‚ù§‚ù§,1,,,,,,,,,,,,
1009026819197921_1305046072922833,"Bolsonaro para presidente do STF, STJ, STE, PT, PSDB, PUC, USP, C√¢mara, Senado, Brasil e o Gr√™mio",1,,,,,,,,,,,,
1009026819197921_388732114829735,"O Mito ganharia em primeiro turno na pr√≥pria p√°gina do PT.... hhahahahah
Bolsonaro: 77% contra os ratos.",1,,,,,,,,,,,,
1009026819197921_233825483693932,"N√£o adianta ""botar"" carinha de mal para Jair Messias Bolsonaro!!! Ele √© o escolhido porque √© o melhor!!!!",1,,,,,,,,,,,,
1009026819197921_288024161612515,eu vou de bolsonaro!!!! melhor que ele s√≥ o Doria mais ele j√° prefeito aqui e t√° bom de mais,1,,,,,,,,,,,,
1009026819197921_1196751067040360,Onde Jair Messias Bolsonaro est√° a esquerda n√£o tem vez!!! #SOMOSTODOSBOLSONARO,1,,,,,,,,,,,,
1009026819197921_243831649395232,Aqui no Brasil est√£o tentando derrubar Bolsonaro mas n√£o v√£o conseguir vai ser presidente sim,1,,,,,,,,,,,,
1009026819197921_256334718112197,Voc√™ v√™ que o Brasil pode mudar quando a quadrilha perde do povo de bem em casa. #Bolsonaro2018,1,,,,,,,,,,,,
1009026819197921_381423882223746,Todos sabem q Bolsonaro vai ganhar a enquete da√≠ eles fraldam PT piada üòÇüòÇüòÇ,1,,,,,,,,,,,,
1009026819197921_1325288664198566,O √∫nico ficha limpa a√≠ √© o Bolsonaro. O resto √© lixo socialista/corrupto.,1,,,,,,,,,,,,
1009026819197921_1874164579519410,"Se ele n√£o aprovou projeto √© pq bolsonaro t√° no caminho certo, nesse governo do PT s√≥ aprovaram projetos fascistas",1,,,,,,,,,,,,
1009026819197921_1861925277379755,"eu apoio sim Bolsonaro, quem n√£o gostou senta e chora, ISSO √â DEMOCRACIA DE TODOS",1,,,,,,,,,,,,
1009026819197921_1222980124465434,"Diferente dos canalhas do PT, apoiamos Bolsonaro de gra√ßa, porque ele n√£o √© ladr√£o. Canalhas petistas!",1,,,,,,,,,,,,
1009026819197921_805125426294911,"Colocaram a pior carinha √© uma foto do Bolsonaro bravo. PT, bando de canalhas! Vai ter Bolsonaro sim!",1,,,,,,,,,,,,
1009026819197921_458389780951509,"Jair Bolsonaro, √© n√£o votar nesse Chileno, que √© envolvido em corrup√ß√£o.",1,,,,,,,,,,,,
1009026819197921_1877634892521304,Gente essa vota√ß√£o vai at√© que hrs??? Bolsonaro vai humilhar vcs o dia inteiro? üòÇüòÇüòÇüòÇüòÇ,1,,,,,,,,,,,,
1009026819197921_805071919633595,"Bolsonaro ganha uma enquete dentro d√° p√°gina do PT, isso n√£o tem pre√ßo",1,,,,,,,,,,,,
1009026819197921_1196719963710137,"N√£o tem pra ningu√©m, fora esquerdeopatas, Bolsonaro presidente do Brasil",1,,,,,,,,,,,,
1009026819197921_1874168809518987,Desafio qualquer petista a mostrar qualquer envolvimento do Bolsonaro em corrup√ß√£o. Garanto n√£o v√£o achar,1,,,,,,,,,,,,
1009026819197921_2294938720645031,BOLSONARO SEM D√öVIDA NENHUMA √â O √öNICO QUE N√ÉO ESTA PRESENTE EM LISTAS DE LAD√ïES,1,,,,,,,,,,,,
1009026819197921_1811966669042031,"Chamam ele de homof√≥bico e racista,pq n√£o podem chama lo de corrupto#bolsonaropresidente",1,,,,,,,,,,,,
1009026819197921_261096840994183,Podem dizer o que quiserem do BOLSONARO. Mas ladr√£o e corrupto por enquanto n√£o √©.,1,,,,,,,,,,,,
1009026819197921_244325442683138,"Bolsonaro sim, com carinha de raiva Grr! e tudo mais hahahahahahahhahahaha",1,,,,,,,,,,,,
1009026819197921_640901656111678,"Bolsonaro presidente d√° c√¢mera 
Bolsonaro presidente do Brasil
Bolsonaro Imperador üòÇüòÇüòÇüòÇ",1,,,,,,,,,,,,
1009026819197921_673929499475598,Bolsonaro em voces seus jumentos petistas que apoiam a corrup√ß√£o no Brasil voces deveriam ser todos exterminados!!!,1,,,,,,,,,,,,
1009026819197921_577883752409314,Esperando a fala do #PresidentedaRep√∫blica em 2018. Jair Messias Bolsonaro.,1,,,,,,,,,,,,
1009026819197921_224538184682727,Se n√≥s poderiamos voltar Votaria no Jair Bolsonaro entre os cinco √© o melhorzinho.,1,,,,,,,,,,,,
1009026819197921_569339913261119,"Desses a√≠? O Bolsonaro, s√≥ pra ver ele bater na esquerda como presidente da C√¢mara.",1,,,,,,,,,,,,
1009026819197921_1861932440712372,Com BOLSONARO e magno malta o nosso pa√≠s caminha para um grande futuro,1,,,,,,,,,,,,
1009026819197921_1305123466248427,Bolsonaro presidente da c√¢mara federal  em 2018  nosso BRASIL tem jeito ou as for√ßas armadas ou  BOLSONARO na presid√™ncia da Rep√∫blica,1,,,,,,,,,,,,
1009026819197921_256392624773073,Esqueci que os esquerdistas n√£o sabem ler...Bolsonaro patriota honrado,1,,,,,,,,,,,,
1009026819197921_100770270440635,Bolsonaro nesses ladr√£o corrompendo ate as pesquisa de rede social üòÇüòÇ,1,,,,,,,,,,,,
1009026819197921_733331216819385,Vey se as elei√ß√µes d√° presid√™ncia d√° c√¢mara fosse feita agr Bolsonaro ganharia,1,,,,,,,,,,,,
1009026819197921_686390788208790,Eh - - -  em  capit√£o Bolsonaro /brasileiros !!  queiram  restaurar nossa brasilidade,1,,,,,,,,,,,,
1009026819197921_247037659056587,Jovair mas √°gora quero ver e muito barulho ent√£o e BOLSONARO!!! N√ÉOOOOOOOOOOOOO quero Rodrigo maia,1,,,,,,,,,,,,
1009026819197921_683687115136215,Vamos juntos meu capit√£o e presidente Jair Messias Bolsonaro hahaha üí™!,1,,,,,,,,,,,,
1009026819197921_1873843442852204,"Bolsonaro, √© o homem pra ser presidente d√° c√¢mara, e o proximo presidente do Pa√≠s sim, √© claro.",1,,,,,,,,,,,,
1009026819197921_1672336916398304,Brasileiros deixeem de ser pivetes ok bolsonaro e o cara ficha limpa pensem nisso,1,,,,,,,,,,,,
1009026819197921_1888345718090790,"Jair Bolsonaro n√£o aparece em nehuma denuncia de corrup√ß√£o, votaria nele.",1,,,,,,,,,,,,
1009026819197921_1325198980874201,"N√£o tenho nada contra mulher, mais se levantou a bandeira vermelha ja perde toda credibilidade!!! BOLSONARO NO PODER!!!!",1,,,,,,,,,,,,
1009026819197921_247058589054494,BOLSONARO GANHA EM TODAS AS ENQUETES! SEJA ONDE FOR! #Mito,1,,,,,,,,,,,,
1009026819197921_1304966886264085,"Bolsonaro ganha em qualquer pesquisa.
S√≥ perde nas que o PT compta e ningu√©m sabe quem opinou.",1,,,,,,,,,,,,
1009026819197921_245823872532605,Bolsonaro 2018... 99% votando em Jair Bolsonaro e os n√∫meros dele n√£o se alteram... muito estranho isso,1,,,,,,,,,,,,
1009026819197921_772697506210908,Apesar de saber que esses corruptos n√£o ir√£o votar no Bolsonaro. #SomostodosBolsonaro,1,,,,,,,,,,,,
1009026819197921_1893937680843324,Bolsonarooo!!! Mas o jogo pol√≠tico sujo de Bras√≠lia n√£o permitir√° isso acontecer. O discurso promete!!!,1,,,,,,,,,,,,
1009026819197921_244292049353144,"Eu votaria no Tiririca, este tambem n√£o tem nome na Lava jato e entende bem de politica como o Bolsonaro.",1,,,,,,,,,,,,
1009026819197921_243832412728489,hauhauah... Tiro saiu pela culatra. E nem adiantou por carinha de raiva. BOLSONARO 2018!,1,,,,,,,,,,,,
1009026819197921_1888324844759544,"ADM da pag. Apagando a pesquisa em 3...2...1... ""Jair Messias Bolsonaro Win""",1,,,,,,,,,,,,
1009026819197921_1241739425862122,"S√≥ por essa foto eu j√° votava no Bolsonaro. Esse olhar de ""vou tacar fogo nessa desgra√ßa"" j√° merece um voto!",1,,,,,,,,,,,,
1009026819197921_1888359488089413,"Nem colocando a pior foto do Bolsonaro, e o emoji de nervoso sendo o voto pra ele, vcs conseguem reverter... J√° era, √© #bolsonaro2018",1,,,,,,,,,,,,
1009026819197921_261130524324148,VOTARIA NO BOLSONARO E TORCERIA PARA AINDA NO PLEN√ÅRIO MANDAR PRENDER ESSA CORJA DE PARASITAS...,1,,,,,,,,,,,,
1009026819197921_1249603161814152,1234 5 mil queremos Bolsonaro presidente do Brasil,1,,,,,,,,,,,,
1009026819197921_394690774217481,Botaram uma foto do Bolsonaro feia pra caraca mais ele √© ele independente de foto...Dale boksomito,1,,,,,,,,,,,,
1009026819197921_434512383547100,"üòÇüòÇüòÇnem juntando todos os petistas! da metade dos votos do #Bolsonaro, essa que √© a verdadeira pesquisa aqui quem vota √© o povo!",1,,,,,,,,,,,,
1009026819197921_244333952682287,Colocam a pior foto de Bolsonaro afim de denegrir a imagem dele. E olha que o MITO t√° ganhando. #bolsonaro2018,1,,,,,,,,,,,,
1009026819197921_686389804875555,"hahaa capitalismo opressor>>>>abismo>>> socialismo lixo. Chora esquerda! O mito vai ganhar, √© Jair Bolsonaro!!!!!!",1,,,,,,,,,,,,
1009026819197921_224382081303358,Bolsonaro homem √≠ntegro. Honesto.representa a fam√≠lia de bem do Brasil,1,,,,,,,,,,,,
1009026819197921_1209935042424248,"Jair Bolsonaro para presidente; vai deixar o diabo feliz; pela raz√£o de ter seu rival, 
longe do inferno.",1,,,,,,,,,,,,
1009026819197921_139094709934502,Bolsonaro nao se preocupe estes vermes tem mega despeito e inveja  de vcs Deus eh fiel.,1,,,,,,,,,,,,
1009026819197921_1538613629486804,"Maria n√£o √© botando mulher no poder que vai acabar com o machismo, temos que botar o mais competente, ou seja, bolsonaro",1,,,,,,,,,,,,
1009026819197921_224541961349016,"Chora bando de safados do PT, podem fazer milhares de enquetes, pq em todas s√≥ da o BOLSONARO üòÇüòÇüòÇüòÇüòÇüòÇüòÇüòÇüòÇüòÇ",1,,,,,,,,,,,,
1009026819197921_1888326294759399,"Erundina Pilantra!  Acabou com SP!  Some da√≠ comunista!! 
BOLSONARO PRESIDENTE!!",1,,,,,,,,,,,,
1009026819197921_191559384656347,"Bolsonaro pra presidente do pa√≠s, da c√¢mara, do senado, at√© pra sindico do pr√©dio 
!!!",1,,,,,,,,,,,,
1009026819197921_409275889412040,"30,6 Jair Messias Bolsonaro üòÇüòÇüòÇ mitou. Se fosse o povo j√° era o presidente da c√¢mara ‚úåüèªüëèüëèüëè",1,,,,,,,,,,,,
1009026819197921_1196726180376182,"For√ßas Armadas j√°, pra acabar com a festa desses pol√≠ticos corruptos,e Bolsonaro na presid√™ncia",1,,,,,,,,,,,,
1009026819197921_1767178506936860,"D√≥i n√©?! 
Ser de p√°gina esquerdista e ver o Pr√≥ximo presidente humilhar assim
Bolsonaro2018",1,,,,,,,,,,,,
1009026819197921_382108938811059,Quer dizer que at√© em p√°gina petista o Bolsonaro √© disparado??...pegue lavagem!....rsrrrr,1,,,,,,,,,,,,
1009026819197921_369827223386142,"Bolsonaro ser√° o presidente da republica √± tem com ele vai ganhar vcs queiram ou √±

Sou bolsonaro at√© o fim‚ù§",1,,,,,,,,,,,,
1009026819197921_1392880224118576,Bolsonaro com certeza! Erundina na cadeia sem a menor d√∫vida!!!!!!,1,,,,,,,,,,,,
1009026819197921_733294126823094,Bolsonaro ... mais esperamos que ele venha pra presid√™ncia da Rep√∫blica ele seria de grande import√¢ncia para os brasileiros,1,,,,,,,,,,,,
1009026819197921_283121918772933,"Votaria no Bolsonaro, s√≥ por n√£o estar na lista negra da Lava Jato.",1,,,,,,,,,,,,
1009026819197921_114332475750049,"Ganhar em casa √© bom, mas ganhar fora √â MELHOR AINDA! #Bolsonaro2018",1,,,,,,,,,,,,
1009026819197921_1849919328564541,"28 mil s√£o os votos do Bolsonaro √© surra em cima de surra, da neles Bolsonaro.",1,,,,,,,,,,,,
1009026819197921_248589398915550,Bolsonaro √© o cara. Ele √© um cara que realmente quer fazer pelo Brasil.,1,,,,,,,,,,,,
1009026819197921_1888344221424273,"Pessoal, vamos oprimir,  senta o dedo na carinha de mal e vamos dobrar a quantidade de curtidas do Mito Bolsonaro.",1,,,,,,,,,,,,
1009026819197921_1910983105798653,Bolsonaro sempre!!!! Precisamos de pessoas que lutem pela fam√≠lia e n√£o pra bandido,1,,,,,,,,,,,,
1009026819197921_588748237996962,A turma do PT e corajosa de fazer uma enquete dessas... vai dar BOLSONARO na cabe√ßa √© claro üëç,1,,,,,,,,,,,,
1009026819197921_1209942622423490,Bolsonaro presidente do Brasil,1,,,,,,,,,,,,
1009026819197921_733321290153711,"Eu coloquei cora√ß√£o, pois eu amo bolsonarooooo!! Mas errei! Desculpe!",1,,,,,,,,,,,,
1009026819197921_733328666819640,"A direita √© o rem√©dio para o Brasil, Bolsonaro √© o m√©dico que o Brasil precisa",1,,,,,,,,,,,,
1009026819197921_423032294755170,"Jair Messias Bolsonaro ganhou, agora eu quero q a p√°gina exclua este post!!! #BolsonaroPresidente2018 #MeuPresidente",1,,,,,,,,,,,,
1009026819197921_250249335400839,Maaaano olha a velocidade que Bolsonaro ta ganhando de votos,1,,,,,,,,,,,,
1009026819197921_205721786562715,"Infelizmente ladr√£o nao vota em homem honesto, se nao o Bolsonaro ganharia.",1,,,,,,,,,,,,
1009026819197921_1811965039042194,Vamos endireitar o Brasil Jair Messias bolsonaro,1,,,,,,,,,,,,
1009026819197921_1853140641611865,"O PT deu PT. Bolsonaro 2018. Pela valoriza√ß√£o da fam√≠lia, contra a corrup√ß√£o.",1,,,,,,,,,,,,
1009026819197921_733265863492587,O Brasil anceia pelo bolsonaro na presidencia,1,,,,,,,,,,,,
1009026819197921_1232409426867236,Wellington Gabbriel isso √© na pagina de petista ainda #Bolsonaro2018,1,,,,,,,,,,,,
1009026819197921_1893917707511988,Agora que Bolsonaro passou eu j√° posso cantar: paw paw paw paw O choro vai come√ßar üéµüé∂üì¢üì£,1,,,,,,,,,,,,
1009026819197921_606677532856235,"O Brasil preciso de um homem s√©rio,Bolsonaro hoje e depois  em 2018 sim...",1,,,,,,,,,,,,
1009026819197921_1590822534280136,"Bolsonaro evidente, votem Jair Bolsonaro por favor merecemos ele na presid√™ncia da C√¢mara",1,,,,,,,,,,,,
1009026819197921_569326279929149,"Nunca fiquei t√£o feliz em fazer carinha de ""Raiva"" #SomosTodosBolsonaro",1,,,,,,,,,,,,
1009026819197921_900681410073957,Bolsonaro √© a moral que o BRASIL precisa.,1,,,,,,,,,,,,
1009026819197921_222109741585229,"Bolsonaro
Presidente da c√¢mara 
2018 presidente do Brasil",1,,,,,,,,,,,,
1009026819197921_1435732809804372,Jair Messias Bolsonaro poha. Pena que la so tem corruptos e comprados,1,,,,,,,,,,,,
1009026819197921_1538550066159827,"Quem quer bandido no seu devido lugar (ou seja, na vala.) Vota em BOLSONARO!!",1,,,,,,,,,,,,
1009026819197921_1853511234928285,"Se mostrar algum envolvimento do Bolsonaro com corrup√ß√£o, eu mudo meu voto.",1,,,,,,,,,,,,
1009026819197921_343885522671567,Bolsonaro l√≥gico !! Mas os #corruPTos o temem tanto que n√£o teria chance !!!,1,,,,,,,,,,,,
1009026819197921_1811994945705870,Pesquisa de comunistas... nunca dizem a verdade..... √â  BOLSONARO NA CABE√áA!,1,,,,,,,,,,,,
1009026819197921_1745752165739726,"Povo fala que Bolsonaro √© Machista, Fascista, Taxista, Maquinista, n√£o estou nem ai, √© Bolsonaro 2018.",1,,,,,,,,,,,,
1009026819197921_406071429746394,Jair Bolsonaro √© o melhor √© vai dar moralidade. √â isso que o Brasil precisa.,1,,,,,,,,,,,,
1009026819197921_1888319568093405,"Bolsonaro ganhando na p√°gina do PT, 2018 √© logo ali",1,,,,,,,,,,,,
1009026819197921_1590940294268360,Bolsonaro representa todo cidad√£o de bem √© os bons costumes,1,,,,,,,,,,,,
1009026819197921_224407521300814,"Como √© bom entrar nas redes sociais, e ver o nome BOLSONARO em todos os lugares haha",1,,,,,,,,,,,,
1009026819197921_233791427030542,"Bolsonaro 2018 e pra quem √© contra estude a hist√≥ria imparcialmente,procure a verdade e n√£o as f√°bulas que te contaram ;)",1,,,,,,,,,,,,
1009026819197921_1325171937543572,O mandato e de 2 anos como presidente da camera federal.  Bolsonaro! !!!!,1,,,,,,,,,,,,
1009026819197921_257697407985894,Bolsonaro. Mas √©  muito trabalho pra ele fazer tem que tirar todos os corruptos safados.,1,,,,,,,,,,,,
1009026819197921_971814102949152,Joao Pedro Chaves Gabriel Moura HAHAHAHAHAHAHAHA Bolsonaro ganhou na p√°gina deles,1,,,,,,,,,,,,
1009026819197921_1209947762422976,"Ele defender o Cunha n qr dizer q esteja metido em corrup√ß√£o :) 
#PrimeiramenteBolsonaroPresidente",1,,,,,,,,,,,,
1009026819197921_1910995332464097,5 mil votos dos 10 minutos que estou na enquete!!! Bolsonaro mitando todo dia kakakakakaka,1,,,,,,,,,,,,
1009026819197921_1210054305745655,"At√© na pr√≥pria p√°gina do PT,  o Bolsonaro sai ganhando! 
HAHAHAHAHAHAHAHAHAAHHAAHAHAHAHAHAHAHAHAHAHAH",1,,,,,,,,,,,,
1009026819197921_1088433977928878,"Bolsonaro mostrou para o Brasil, que s√≥ tem quatro honestos na c√¢mara federal, Bolsonaro o povo t√° contigo!",1,,,,,,,,,,,,
1009026819197921_388686068167673,"Fora Temer!
O PT votou em vc, canalha!
Bolsonaro √© a vontade da maioria do povo",1,,,,,,,,,,,,
1009026819197921_1752172268444156,Jair Messias Bolsonaro O RESTO √â RESTO TUDO BANDIDO TIRANDO O MALTA E UNS 5.,1,,,,,,,,,,,,
1009026819197921_256346261444376,"N√£o existe almo√ßo de gra√ßa.
Chega de mamar no Estado, cambada de pregui√ßoso.
Bolsonaro, te amamos",1,,,,,,,,,,,,1
1009026819197921_805073386300115,No Facebook Bolsonaro j√° √© o preferido do povo brasileiro! Em 2018 vamos repetir isso nas urnas.,1,,,,,,,,,,,,
1009026819197921_1209940015757084,"1, 2, 3, 4, 5mil, queremos Bolsonaro presidente do Brasil!",1,,,,,,,,,,,,
1009026819197921_256338068111862,Petista cria enquete ao vivo e leva lavagem ...Pode somar os votos de todos que n√£o supera os votos do Jair Messias Bolsonaro,1,,,,,,,,,,,,
1009026819197921_114394569077173,"No Bolsonaro, Honesto, e n√£o gosta de Bandido, esse Vale a Pena xD!",1,,,,,,,,,,,,
1009026819197921_1325203344207098,Bolsonaro a √∫ltima e √∫nica esperan√ßa do Brasil,1,,,,,,,,,,,,
1009026819197921_287996841615247,"O Bolsonaro se parece muito com o presidente de 2018, impressionante",1,,,,,,,,,,,,
1009026819197921_382100188811934,Bolsonaro. S√≥ ele √© candidato. Os outros s√£o espertalh√µes correndo atras de uma boquinha.,1,,,,,,,,,,,,
1009026819197921_1879759035639116,Bolsonaro....PRESIDENTE....Pr√° que a camara ...deixa os muleques  aproveitar enquanto d√°......!!,1,,,,,,,,,,,,
1009026819197921_1384486574916449,Pra votar no bolsonaro tem q por a carinha de BRABO!!!!,1,,,,,,,,,,,,
1009026819197921_1745743172407292,v√ÉO VOTAR EM UMA COMUNISTA SAFADA ? O BRASIL TEM O QUE MERECE MESMO. #BOLSONARO2018,1,,,,,,,,,,,,
1009026819197921_1196722367043230,"Sorte que pra ser deputado n√£o pode ser mentalmente incapaz e precisa ser maior de 16 anos, sen√£o, como vemos, o Bolsonaro seria eleito.",2,,,,,,,,,,,,
1009026819197921_1245736778854040,"Bolsonaro pois ele coloca tudo no Bolso dele!!!!!
Bossais!!!! Deus me livre de evang√©lico no Poder",2,,,,,,,,,,,,
1009026819197921_226728607731017,Gra√ßas a Deus pelas pessoas que dizem n√£o ser bolsonaro! Queremos qualidade e n√£o quantidade!,2,,,,,,,,,,,,
1009026819197921_733298163489357,Bolsonaro h√° 29 anos mamando na C√¢mara e NUNCA aprovou nenhum projeto!!!,2,,,,,,,,,,,,
1009026819197921_1325179234209509,"Vamos pra cima Eundina, √∫nica que n√£o tem acusa√ß√£o de corrup√ß√£o. Fora Bolsonaro‚úäüèæüëäüèæ",2,,,,,,,,,,,,
1009026819197921_224596204676925,Bolsonaro s√≥ tem nome limpo pq em 25 anos de carreira n√£o fez nada hahahahaha,2,,,,,,,,,,,,
1009026819197921_1598883680125784,CORRUPTO...http://g1.globo.com/sao-paulo/noticia/2016/04/pgr-vai-analisar-mais-de-17-mil-denuncias-contra-jair-bolsonaro.html,2,,,,,,,,,,,,
1009026819197921_805072822966838,Se ganhar Bolsonaro pr√≥ximo passo √© a volta da escravid√£o... S√≥ vamos pra atr√°s!!!,2,,,,,,,,,,,,
1009026819197921_136300006881514,"Bolsonaro n√£o ser√° eleito, porque quem escolher√° o presidente da c√¢mara ser√£o os corruptos",2,,,,,,,,,,,,
1009026819197921_1811966582375373,S√≥ lembrando que bolsonaro tamb√©m est√° envolvido em esquemas de corrup√ß√£o,2,,,,,,,,,,,,
1009026819197921_577878932409796,"ME LEVEM DESSE PLANETA! BOLSONARO PRA PRESIDENTE? MIGO, VAI LER UM LIVRO",2,,,,,,,,,,,,
1009026819197921_1874209496181585,"Olha a cara de louco desse Bolsonaro!
Nossaaaaa,eu hem nem pensar.",2,,,,,,,,,,,,
1009026819197921_606676869522968,"Umas pessoas dizendo:somos todos Bolsonaro,somos uma v√≠rgula, eu nao sou,nunca fui,e jamais serei esse cr√°pula.",2,,,,,,,,,,,,
1009026819197921_1196719153710218,"Bolsonaro s√≥ √© forte na internet, nas urnas Fl√°vio Bolsonaro deu vexame!",2,,,,,,,,,,,,
1009026819197921_1047414165404848,Bolsonaro √© um louco demagogo e um imbecil tremendo....pode parar,2,,,,,,,,,,,,
1009026819197921_241145826333369,"Bolsonaro ja devia ta preso! Mas... Como nosso Brasil √© dessa forma, ele ta ai solto!",2,,,,,,,,,,,,
1009026819197921_260522011035560,"amigos, ainda h√° tempo. o pt tem que votar na erundina pra evitar a vit√≥ria do bolsonaro! e sem essa de rachar a esquerda haha",2,,,,,,,,,,,,
1009026819197921_1266455523439988,"Pena que esses coment√°rios e ou preferencia por um deles n√£o sirva para nada, ainda assim acredito que o Bolsonaro seja o menos pior.",2,,,,,,,,,,,,
1009026819197921_1811962682375763,"Bolsonaro ganhar mostra a quantidade de neur√¥nios do ""eleitorado"", quer dizer, a falta deles.",2,,,,,,,,,,,,
1009026819197921_1745767075738235,Nessa c√¢mara s√≥ tem bandidos infelizmente Bolsonaro nessa n√£o ganha.,2,,,,,,,,,,,,
1009026819197921_1931975190357659,"Bolsonaro = ditador,  torturador,  mentalidade medieval,  fascista, fundamentalista...( para dizer pouco )",2,,,,,,,,,,,,
1009026819197921_686373954877140,Corrupto apenas n√£o... Bolsonaro parece capaz de crimes bem mais hediondos,2,,,,,,,,,,,,
1009026819197921_1325276207533145,"Rapaz.  Vai fazer outra coisa, pq pra vc acreditar no Bolsonaro,  nem um livro ir√° salvar sua mente incompetente",2,,,,,,,,,,,,
1009026819197921_1209956589088760,Ainda bem que a maioria que apoia o lixo do Bolsonaro sequer pode votar. Ufa!,2,,,,,,,,,,,,
1009026819197921_1405462789526846,Bolsonaro n√£o teve capacidade de passar na prova da OAB e vcs acham que ele tem capacidade para ler um texto?,2,,,,,,,,,,,,
1009026819197921_1227118310658696,"Pelo amor de Deus Bolsonaro n√£o
S√©rgio Moro 2018 
Chega desses Cr√°pulas!",2,,,,,,,,,,,,
1009026819197921_1266471473438393,"Me impressiona esse povo que acha Bolsonaro pessoa de bem. Homof√≥bico, mis√≥gino, preconceituoso",2,,,,,,,,,,,,
1009026819197921_1538598629488304,Bolsonaro n√£o. Eu voto na democracia no poder falar pensar e agir #Bolsonaronao,2,,,,,,,,,,,,
1009026819197921_673910699477478,Se o Bolsonaro fosse presidir a c√¢mera ele n√£o poderia presidir o pa√≠s seus bolsominions! Erudinda √© a melhor op√ß√£o,2,,,,,,,,,,,,
1009026819197921_1578163288864491,"A fam√≠lia inteira dos Bolsonaro se candidatando e o povo trocha que paga as contas deles, ainda bate palma e acha bonito.",2,,,,,,,,,,,,
1009026819197921_1246821335394848,"O filho do bolsonaro, o primo, o tio, tudo no governo e os trocha pagando pai e a conta deles do restaurante.",2,,,,,,,,,,,,
1009026819197921_256385278107141,Primo do bolsonaro tava ganhando 400 mil trabalhando de laranja no senado.,2,,,,,,,,,,,,
1009026819197921_2214575668767062,Fam√≠lia bolsonaro mamando no governo gra√ßas ao time de kid que paga pau.,2,,,,,,,,,,,,
1009026819197921_1222687087848591,Na era dos roboglobotizados bolsonaro √© her√≥i. Fascistas √± passar√£o.,2,,,,,,,,,,,,
1009026819197921_1047388962074035,Tinha que ter tirado o Jair Messias Bolsonaro para n√£o passar vergonha xD,2,,,,,,,,,,,,
1009026819197921_1576004055757913,"Somente uma pessoa analfabeta pol√≠cia, para votar em Fascinora como o Bolsonaro..... x√¥ satan√°s.",2,,,,,,,,,,,,
1009026819197921_1047395358740062,"S√≥ uma pessoa desequilibrada mentalmente seria capaz de escolher uma peste tipo bolsonaro, esse homem √© um mensageiro de capeta",2,,,,,,,,,,,,
1009026819197921_144323889408925,Bolsonaro que n seria. Incapaz de apoiar uma pessoa preconceituosa. E em ngm dessa lista.,2,,,,,,,,,,,,
1009026819197921_1407118265999777,"Meu Deus.  bolsonaro na cadeia,  verme!
Pior s√£o essas pragas que acreditam que ele possa melhorar algo.

Luiza Erondina",2,,,,,,,,,,,,
1009026819197921_256350971443905,Os mesmos que outro dia  se diziam somos todos Cunha s√£o os mesmos que apoia esse filho da puta chamado Bolsonaro est√£o todos doentes,2,,,,,,,,,,,,
1009026819197921_750281351817624,Bolsonaro + Filho + Primo + Tio = Uma bando de trocha bancando uma fam√≠lia e pagando pau.,2,,,,,,,,,,,,
954646961360116_954678374690308,Homem que vota em  Bolsonaro n√£o Respeita a Pr√≥pria M√£e as Filhas e a Pr√≥pria Mulher.,2,,,,,,,,,,,,
954646961360116_954649354693210,"As bolsas do Brasil.
Bolsa Fam√≠lia p/ os mais pobres.
Bolsa Atleta p/ o esporte.
Bolsa de estudos p/ os alunos.
Bolsonaro p/ os imbecis.",2,,,,,,,,,,,,
954646961360116_954661188025360,"Se voc√™ olhar os coment√°rios dos que apoiam o bolsonaro, √© tudo igual, parece que copiam tudo de um lugar s√≥ e saem reproduzindo,  n√£o tem nem a capacidade mental de usar sin√¥nimos kkkkkkkk",2,,,,,,,,,,,,
954646961360116_954679424690203,Parab√©ns a todas as guerreiras Fora Jair Bolsonaro fascista semeador de √≥dio..,2,,,,,,,,,,,,
954646961360116_476569432698880,"Uma dupla comemora√ß√£o, punir o safado do bolsonaro e a soltura do coitadinho do champinha, uma crian√ßa inocente.",2,,,,,,,,,,,,
954646961360116_954776268013852,Bolsonaro condenado pela segunda vez: maravilhoso! Ver o choro nos coment√°rios de seus eleitores pr√© adolescentes: n√£o tem pre√ßo!!,2,,,,,,,,,,,,
954646961360116_954809924677153,"Ao menos uma boa not√≠cia nesse Brasil, quero ver sustentar, quem defende o bolsonaro defende viol√™ncia contra mulher e isso nada tem a ver com politica, que toda essa corja caia, um por um.",2,,,,,,,,,,,,
954646961360116_954886228002856,"A√©cio neves narco traficante ,Bolsonaro estrupador  pronto Maluf estrupa mas n√£o mata t√° formado o trio de bandidos ..",2,,,,,,,,,,,,
954646961360116_954681154690030,Bolsonaro Lula tudo igual da at√© nojo puro atores s√≥ enganam quem tem pregui√ßa de pensar.,2,,,,,,,,,,,,
954646961360116_168212780393135,O Brasil agradece a Maria do Ros√°rio!!! Bolsonaro √© um asco!!! #ForaTemer #ForaMaia #ForaBolsonaro,2,,,,,,,,,,,,
954646961360116_1292722427506696,"Sou contra Bolsonaro, mas o fato de ela ter ganhado n√£o melhora em nada a imagem dela √© a mesma sem vergonha defensora de marginais ""v√≠timas da sociedade """,2,,,,,,,,,,,,
954646961360116_954652828026196,Bolsonaro se queima sozinho!!!,2,,,,,,,,,,,,
954646961360116_251249912050413,Tomou. Bolsonaro. Filho. De. Xogadeira. Porque. Filho. De uma. Mulher. Tu. Nao.  E. Nao. Gosta. De. Mulher.  Kkkkkkk,2,,,,,,,,,,,,
954646961360116_954697224688423,Mais burro que a fam√≠lia Bolsonaro √© os chupa cu deles hahahahahhaahahahah,2,,,,,,,,,,,,
954646961360116_709734012566273,"CHUUUUUUUUUUPA 

bolsonaro seu CORRUPTO!!

HUEHUEHUEHUEHUEHUEHUEHUEHUEHUEHUEHUE",2,,,,,,,,,,,,
954646961360116_198676157336987,Sem Lula e sem Bolsonaro em 2018! #Doria2018,2,,,,,,,,,,,,
954646961360116_954660504692095,V√£o ser alienados assim l√° na terra dos Bosonaros .Tem que varrer estes Bolsonaros da Humanidade.,2,,,,,,,,,,,,
954646961360116_954658801358932,"Eu n√£o voto nem nessa senhora, nem em bolsonaro",2,,,,,,,,,,,,
954646961360116_954657121359100,Tem que prender Bolsonaro,2,,,,,,,,,,,,
954646961360116_954715758019903,Chupa bolsonaro ...,2,,,,,,,,,,,,
954646961360116_954665534691592,bolsonaro esmurrado kkkkkkkkkkkkkkkkkkkkkkkkkkkk,2,,,,,,,,,,,,
1750658321894129_137602803507620,Ow criatura asquerosa √© esse Bolsonaro,2,,,,,,,,,,,,
1750658321894129_1462132983907115,"Que horror esse verme do Bolsonaro qdo estamos querendo a paz, acabar com preconceitos e respeitar as diferen√ßas. Esse homem n√£o √© do s√©culo XXI pertence ao s√©culo passado.",2,,,,,,,,,,,,
1750658321894129_1750764655216829,"N√≠vel de educa√ß√£o a mesma do seus adoradores ....um ser sem nenhum argumento isso √© bolsonaro .... aquele que queria colocar bombas no fornecimento de √°gua do Rio porque seu salario n√£o era bom....
.e agora apoiou todos os projetos contra o trabalhador",2,,,,,,,,,,,,
1750658321894129_156099608336655,"H√° pouco assistir duas entrevistas de Bolsonaro onde ele afirma categoricamente n√£o ser homof√≥bico, mis√≥gino e nem xen√≥fobo. Por isso, os pol√≠ticos n√£o merecem cr√©ditos pois mentem deslavadamente sempre que est√£o dando entrevistas.",2,,,,,,,,,,,,
1750658321894129_140594496665595,"Ele faz isso , imagina ser for eleito a presidente , nossa quanto √≥dio sem necessidade , √© esse Bolsonaro que est√° acendendo a chama do √≥dio nesse pais  , se preparem o pior est√° por vim , meu voto esse n√£o ganha",2,,,,,,,,,,,,
1750658321894129_172065206678965,"A meu Deus como.tem gente que ainda que d√° um voto a um maluco como esse Bolsonaro,um cara sem respeito sem moral desse jeito,e bom mesmo nosso Brasil tem que merece!",2,,,,,,,,,,,,
1750658321894129_277898382730247,Senhor bolsonaro o senhor √© mais uma bixa enrustida que deve ter um bom arm√°rio para se esconder se joga na cara todo de Jona,2,,,,,,,,,,,,
1750658321894129_142956336296364,"Grunhos e nada mais se extrai deste indiv√≠duo. Perde f√°cil em qualquer debate. ""Bolsonaro qual sua proposta para amplia√ß√£o das vagas na rede p√∫blica de ensino? Vai tomar no c√∫ babaca, petista, viado, comuniiista, filho da puta. Vou dar arma pra cada aluno matar professor de hist√≥ria"" kkkkkk",2,,,,,,,,,,,,
1750658321894129_121699951891672,"Este tal de Bolsonaro quer passar uma imagem de defender a fam√≠lia, mas daqui a pouco ele vai estar implantado aqueles cl√£ como no USA que agridem afrodescendentes. Tra√ßos nazistas. Fam√≠lia nao, com certeza a dele os filhos na carreira politica.",2,,,,,,,,,,,,
1750658321894129_1892719340982711,Bolsonaro na presid√™ncia ap√≥s ser contrariado vai mandar todo o povo se foder e tomar no cu pensa no preparo deste homem kkkkkkkkkkk,2,,,,,,,,,,,,
1750658321894129_1750747678551860,Kkkkk kkkkk kkkkk  mito e meu pinto ...bolsonaro fanfarr√£o. ..LULA PRESIDENTE.,2,,,,,,,,,,,,
1750658321894129_1751000301859931,"Nada contra homossexuais. Mas, esse Bolsonaro, n√£o passa de um viado sem coragem de assumir que √© gay, por isso essa revolta toda!",2,,,,,,,,,,,,
1750658321894129_1750998038526824,o  neonazismo est√° chegando no Brasil com  o tal de bolsonaro......,2,,,,,,,,,,,,
1750658321894129_1111075915692774,"A virul√™ncia da voz,a aus√™ncia de preparo intelectual,t√£o medieval esse Bolsonaro",2,,,,,,,,,,,,
1750658321894129_148937242352024,Bolsonaro foi condenado e segunda instancia STJ POR DANOS Morais.,2,,,,,,,,,,,,
1750658321894129_114729952553597,Bolsonaro e mal  educado  ele tem que deixar de ofender as pessoas  na proxima ele nao ganha mais nem pra vereador .,2,,,,,,,,,,,,
1750658321894129_445258282540173,Rid√≠culo este Bolsonaro.Fora .Respeitar o pr√≥ximo √© o m√≠nimo que este babaca tem que fazer.,2,,,,,,,,,,,,
1750658321894129_121854851873613,"Bolsonaro quando quebrou as pernas e os bra√ßos , deveria mesmo era ter quebrado o pesco√ßo .",2,,,,,,,,,,,,
1750658321894129_749955541873360,joguem um bando de bosta na cara desse filho da puta do bolsonaro quer  oportunidade melhor que essa,2,,,,,,,,,,,,
1750658321894129_280400559124379,"Kkkk √© um com√©dia mesmo. Bolsonaro nem merece alguma indaga√ß√£o, √© um coitado.",2,,,,,,,,,,,,
1750658321894129_830731343760903,"Bolsonaro n√£o tem voca√ß√£o pra governar o pa√≠s, n√£o tem proposta, al√©m de ser um homem descontrolado que gosta de gritar e ofender as pessoas.
Bolsolixo vc jamais ser√° presidente com essa arrog√¢ncia!",2,,,,,,,,,,,,
1750658321894129_1404702849579336,Bolsonaro √© um monte de bosta! Imagino chegar perto e sentir o odor de merda pura!,2,,,,,,,,,,,,
1750658321894129_2045351005700838,"Bolsonaro √© carta branca.  
A natureza marca ele  ,vai latir e n√£o morder√° nada. .",2,,,,,,,,,,,,
1750658321894129_150072925595425,"Parece piada...
Kkkkk 
Ser√° que o Bolsonaro √© Gay enrustido ?
Kkkkkkk
Ele se incomoda tanto com o rabo de homem...
Kkkkkkkk",2,,,,,,,,,,,,
1750658321894129_331157393977009,"Normal o vocabul√°rio de Bolsonaro, o que esperar de um desequilibrado?",2,,,,,,,,,,,,
1750658321894129_849677571863956,"Esse Bolsonaro √© um louco ,n√£o tem condi√ß√µes de comandar nem um hosp√≠cio ,quanto mais uma na√ß√£o.",2,,,,,,,,,,,,
1750658321894129_119804308613021,"O intelecto √© de um asno, mas a educa√ß√£o √© de um Bolsonaro.",2,,,,,,,,,,,,
1750658321894129_158056854785199,"Eita povinho troxa,bolsonaro e politico ele quer ganhar eleicoes,nao esta nem ai depois que for eleito,o sistema politico sempre sera sujo e podre,depois nao reclamem.",2,,,,,,,,,,,,
1750658321894129_1750926078534020,O sonho do Bolsonaro deve ser dar sua rosquinha. O dif√≠cil √© encontrar algu√©m querendo essa merda. De tanta frustra√ß√£o vive revoltadoüòÇ,2,,,,,,,,,,,,
1750658321894129_130103304280619,"Baixaria.
Quanta falta de vergonha.
Me sinto mal em ver este tipo de coisa vindo de uma pessoa que diz querer governar nosso pa√≠s que nojoüò°üò°üò°üò°üò°üò° deste sujeito por nome Jair Bolsonaro",2,,,,,,,,,,,,
1750658321894129_306623299821646,Esse Bolsonaro era pra ganhar nem pra vereador esse ze man√© s√≥ fala besteira n√£o fala nada que se aproveite,2,,,,,,,,,,,,
1750658321894129_550940345238145,Balsanaro t√° com inveja pelo fato do cara t√° dando o cu... Bolsonaro de seu cu tamb√©m acabe com esse discursinho sem gra√ßa preconceito no Brasil √© crime...sai do arm√°rio Bolsanara kkkkkkkkk,2,,,,,,,,,,,,
1750658321894129_139933523281127,Bolsonaro   vc precisa se preocupar com a corrup√ß√£o  viol√™ncia    que exala esse pa√≠s  deixe os gays em paz sao trabalhadores pagam impostos  vivem dignamente  se vc nao falasse tanta merda acho que  vc teria chance,2,,,,,,,,,,,,
1750658321894129_351652171949463,Kakakakka ele n√£o tem argumento Bolsonaro ao sabe berar.... Parece um cachorro louco,2,,,,,,,,,,,,
1750658321894129_1260235084076589,"Esc√≥ria,safado, vagabundo, lixo f√©tido e tantos mais que vc merece seu lixo!!!!!! Bolsonaro Nunca!!!!!!",2,,,,,,,,,,,,
1750658321894129_1892713937649918,"Gente, algu√©m tinha que estudar essa fixa√ß√£o que o Bolsonaro tem com cu. J√° tem pouco dentro daquela cabecinha e o cu parece permear todos os pensamentos do deputado. Todos n√£o. Tem uns neur√¥nios que ele gasta pensando no niobio e no grafeno.",2,,,,,,,,,,,,
1750658321894129_302257100243336,"O tipo de ""homem' que se acha capaz de ser presidente do Brasil. Bolsonaro. Lixo.",2,,,,,,,,,,,,
1750658321894129_877547835729210,O Brasil t√° feio msm se a √∫nica sa√≠da √© um presidente que ofende as pessoas que vive falando palavr√£o rid√≠culo o que esse Bolsonaro faz Brasil t√° perdido sem saber em quem votar,2,,,,,,,,,,,,
1750658321894129_734791540048159,"Esse verme do Bolsonaro deveria ter um cancer e morrer,isso e  um lixo,verme",2,,,,,,,,,,,,
1750658321894129_472234346480035,"Bolsonaro b
Com essa cara de Hitler Paraguai na inf√¢ncia era viadimho hoje da uma de machao  mas no fundo e uma bichona",2,,,,,,,,,,,,
1750658321894129_129456314381328,"bolsonaro vc vai votar neste homem para presidente do Brasil?

Por que?",2,,,,,,,,,,,,
1750658321894129_1247025098735650,"""Eu n√£o sou amaldi√ßoado. Minha m√£e me amou do mesmo jeito."" S√≥ a gente sabe o que √© passar anos chorando e sofrendo sozinho, por medo de n√£o ser amado por Deus e por medo de ser rejeitado pela fam√≠lia. Bolsonaro infelizmente n√£o sabe o peso que tem essas duas simples frases.",2,,,,,,,,,,,,
1750658321894129_110412909640572,Bolsonaro √© a decad√™ncia  dos pol√≠ticos  brasileiro...quem viveu  a ditadura sabe. A merda que √© essa ra√ßa .,2,,,,,,,,,,,,
1750658321894129_1750971915196103,N√£o votem nesse Monstro cujo nome √© Bolsonaro. Traidor do povo brasileiro.,2,,,,,,,,,,,,
1750658321894129_1617215931677711,"Quem odeia muito, √© na verdade gay  camuflado...√© o caso do Bolsonaro, Feliciano e outros!",2,,,,,,,,,,,,
1750658321894129_1505430086211246,Kkkkk fora seu lixo bolsonaro de meda nuca vai governa pais como brasil ...,2,,,,,,,,,,,,
1750658321894129_1645851858799205,Bolsonaro √© um grande bandido tambem ele recebeu 18 milh√µes para proteger temer,2,,,,,,,,,,,,
1750658321894129_690759061135272,bolsonaro presidente? onde vamos parar com tais candidatos despreparados . no momento n√£o tem ningu√©m kkkk,2,,,,,,,,,,,,
1750658321894129_765663186940165,"Bolsonaro √© o marido de Jean Willys ...
Isso √© um inrrustido !!",2,,,,,,,,,,,,
1750658321894129_917875208420952,Gente 207 milh√µes de habitantes quem √© o Bolsonaro na fila do p√£o com esse eleitorado med√≠uocre de 30 mil?,2,,,,,,,,,,,,
1750658321894129_111697696163969,Bolsonaro tem jeito de aloprado. Ele e o D√≥ria precisam de um sossega le√£o ü¶Å. S√£o muito nervosas.,2,,,,,,,,,,,,
1750658321894129_1882112875440976,"Ser presidente √© lidar com as diferen√ßas, e bolsonaro n√£o tem o menor preparo pra tal",2,,,,,,,,,,,,
1750658321894129_290043174835569,"Bolsonaro √© esquentadinho, n√£o tem perfil de presidente, mas, acredito que Bolsonaro vai se eleger n√£o por ser o melhor, mas sim porque os outros s√£o piores !",2,,,,,,,,,,,,
1750658321894129_129173154367699,Bolsonaro √© muito despreparado,2,,,,,,,,,,,,
1750658321894129_284506165361847,Acho que Bolsonaro tem vontade de dar o caneco,2,,,,,,,,,,,,
1750658321894129_1809278536050073,Bolsonaro parece aquelas crian√ßas de 10 anos com uns pais merdas kkkkkkkkkkkkkkkkkkk,2,,,,,,,,,,,,
1750658321894129_1292756157500038,"Bolsonaro, leia-se viol√™ncia.",2,,,,,,,,,,,,
1750658321894129_110409172974279,Bolsonaro √© a pr√≥pria ca√ßamba de lixo.,2,,,,,,,,,,,,
1750658321894129_114854919194022,Bolsonaro se eu fosse tu sair fora tu vai arrumar √© pau para tua cabe√ßa,2,,,,,,,,,,,,
1750658321894129_1717322944945665,"Os seguidores de Bolsonaro , conseguem ser mais doentes que ele.",2,,,,,,,,,,,,
1750658321894129_464668930581683,O BUC√âFALO BOLSONARO TOMOU NA TARRAQUETA!!!!,2,,,,,,,,,,,,
1750658321894129_1419152851453744,"Kkkkk, o Bolsonaro, por si s√≥, se destr√≥i! Kkkkkkkkkkkkk!",2,,,,,,,,,,,,
1750658321894129_1516099538412760,Fora bolsonaro. .....ningu√©m vota em vc n√£o. .....,2,,,,,,,,,,,,
1750658321894129_110403756308154,Esse bolsonaro e um otario mesmo ....,2,,,,,,,,,,,,
1750658321894129_471976669828364,Bolsonaro √© lixo e embusteiro,2,,,,,,,,,,,,
1750658321894129_1750754538551174,Bolsonaro n√£o tem preparo para ser um ser humano.,2,,,,,,,,,,,,
1750658321894129_111892402838367,Esse bolsonaro √© um monstro,2,,,,,,,,,,,,
1750658321894129_1936709279949986,Kkkkkkkkk Jair Bolsonaro  vagabundo,2,,,,,,,,,,,,
1750658321894129_137598686841365,"Este Bolsonaro √© um descontrolado mental, ou seja um doente.",2,,,,,,,,,,,,
1750658321894129_662878180572936,Bolsonaros sendo Bolsolixos,2,,,,,,,,,,,,
1750658321894129_1750770565216238,Bolsonaro n√£o sabe o significado da palavra RESPEITO.,2,,,,,,,,,,,,
1750658321894129_2396517287240549,Bolsonaro para aquelas crian√ßa chata de 12 anos de idade.,2,,,,,,,,,,,,
1750658321894129_122682448447003,Lixooo esse bolsonaro,2,,,,,,,,,,,,
1750658321894129_131386974251065,Mente vazia √© oficina do Bolsonaro!!,2,,,,,,,,,,,,
1750658321894129_132766653980216,Bolsonaro LIXO ASQUEROSO,2,,,,,,,,,,,,
1750658321894129_1357618597689339,Urruuuuu!  Bolsonaro n√£o ganha nem pro sal. kkk,2,,,,,,,,,,,,
1750658321894129_2014451235505705,Bolsonaro vai ser presidente dos zoloplados.,2,,,,,,,,,,,,
1750658321894129_1750677511892210,Esse cara √© um merda desculpa a merda por ter que comparar a merda com bolsonaro,2,,,,,,,,,,,,
1750658321894129_147790865818390,Bolsonaro √© um louco psicopata,2,,,,,,,,,,,,
1750658321894129_182556475654589,Gente acalmem-se o bolsonaro n√£o ganha nem aqui e nem na China hahahah,2,,,,,,,,,,,,
1750658321894129_481907052167054,Esse Bolsonaro √© um filho da puta safado e corno.,2,,,,,,,,,,,,
1750658321894129_1563148797039501,Bolsonaro preparadissimo.sempre coerente fdp,2,,,,,,,,,,,,
1750658321894129_1986044611617232,Bolsonaro safado .,2,,,,,,,,,,,,
1750658321894129_1750717595221535,Bolsonaro safado ..,2,,,,,,,,,,,,
1750658321894129_1426093744094792,Bolsonaro queima rosca encubado .,2,,,,,,,,,,,,
1750658321894129_110404316308098,Bolsonaro √© um gay enrrustido. N√£o tem coragem de assumir. FDP,2,,,,,,,,,,,,
1750658321894129_519548365056154,Um caminh√£o de ovos no Bolsonaro,2,,,,,,,,,,,,
1750658321894129_1404709929578628,"Coitado dizista meu filho, Lula 2018 kkkkkkk beijinho bolsonaro",2,,,,,,,,,,,,
1750658321894129_337157523394690,PRA MIM O BOLSONARO GOSTA DE QUEIMAR A ROSCA SO TA COM MEDO DE SAIR DO ARMARIO,2,,,,,,,,,,,,
1750658321894129_194327824440139,Bolsonaro malema ser um vereador kkk,2,,,,,,,,,,,,
1750658321894129_1750988248527803,Esse Bolsonaro √© pat√©tico. Que lixo de pol√≠tico.,2,,,,,,,,,,,,
1750658321894129_116017359056768,Bolsonaro.. .....piada nacional....kkkkkk,2,,,,,,,,,,,,
1750658321894129_136409150334816,Bolsonaro bandido escroto,2,,,,,,,,,,,,
1750658321894129_115204689118009,Cara... Bolsonaro √© um desequilibrado!,2,,,,,,,,,,,,
1750658321894129_1248910425220005,Isso e um lixo Bolsonaro?,2,,,,,,,,,,,,
1750658321894129_275857476251592,Bolsonaro e mas um pra fuder o pais,2,,,,,,,,,,,,
1750658321894129_1706457889388868,"Bolsonaro como sempre, sem postura e desequilibrado",2,,,,,,,,,,,,
1750658321894129_877132099109824,Bolsonaro √© um bosta.,2,,,,,,,,,,,,
1750658321894129_1344744218975288,Meu voto nao ser√° do senhor Bolsonaro.,2,,,,,,,,,,,,
1750658321894129_388312414918002,Bolsonaro √© um pau no c√∫.,2,,,,,,,,,,,,
1750658321894129_193339754569235,Bolsonaro presidente do Brasil significa que o Brasil vai sair do mapa.,2,,,,,,,,,,,,
1750658321894129_308712989597799,bolsonaro √© o cara mais bosta,2,,,,,,,,,,,,
1750658321894129_1750701055223189,Que horror!!!! #FORABOLSONARO,2,,,,,,,,,,,,
1750658321894129_254308191754195,Bolsonaro pal no CU,2,,,,,,,,,,,,
1750658321894129_941559799318529,"Bolsonaro traidor!
#desumano",2,,,,,,,,,,,,
1785072625119365_1785319245094703,"Bolsolixo, Bostanaro,..",2,,,,,,,,,,,,
1785072625119365_1785127998447161,"Diego Aiara Oliveira e Jefferson Abreu n√£o √© v√≠deo feito por bolsominios n√£o, √© feito pelo o retardado mesmo do bolsolixo... o que me dizem?",2,,,,,,,,,,,,
1785072625119365_1785167255109902,"Esse Bolsoanta √© um asno repugnante....pior √© ver gente defender um ac√©falo deste, impressionante??",2,,,,,,,,,,,,
1785072625119365_1785363738423587,"Bolsonaro  prega o √≥dio ao pr√≥ximo, quando fa√ßo algum coment√°rio sobre Bolsonaro , seus seguidores que n√£o s√£o eleitores, manifesta -se com √≥dio.",2,,,,,,,,,,,,
1785072625119365_1785448131748481,Se for pelo racioc√≠nio de bolsosbosta..   a maioria √© POBRE ...e a minoria √© ELITE ...ent√£o o povo teria que sumir com a ELITE DO MAPA ...INCLUSIVE OS BOLSOBOSTAS,2,,,,,,,,,,,,
1785072625119365_1792087591084535,"Os babacas aplaudindo bolsomerda, sabe eles ser√£o os primeiros a ser rifados!!!!",2,,,,,,,,,,,,
1785072625119365_1792315494395078,"J√° vi mais de um apoiador do Jair Bolso de Bosta escrever ""menorias"" nos coment√°rios. Est√° explicado porque votam nesse ser desprez√≠vel.",2,,,,,,,,,,,,
1785072625119365_1785500328409928,Verdadeira falasia! S√≥ os Descerebrados e religiosos alienados est√£o com esse calhorda do Bolsonabo!,2,,,,,,,,,,,,
1785072625119365_1785486338411327,"Fico aqui aves abestado de ver gente apoiando essa aberra√ß√£o.
BOLSOBOSTA LIXO DA DITADURA MILITAR.
BOLSOBOSTA E SEUS SEGUIDORES BOLSOMERDA",2,,,,,,,,,,,,
1785072625119365_1785279308432030,Esse Bolsolouco √© um verme.,2,,,,,,,,,,,,
1785072625119365_1785214368438524,este Bolsonaro e um demente.,2,,,,,,,,,,,,
1785072625119365_1785657631727531,BolsoLixo √© minoria....CURVE-SE √† maioria...#Lula2018,2,,,,,,,,,,,,
1785072625119365_1785732398386721,Nojeira essa Bolsonaro. Reencarna√ß√£o do Hitler.,2,,,,,,,,,,,,
1785072625119365_1785712325055395,Esse Bolsonaro fala metda,2,,,,,,,,,,,,
1785072625119365_1785503315076296,"Bolsonaro, o pau te acha vagabundi",2,,,,,,,,,,,,
1785324111760883_1785330145093613,"Outro dia assistir um v√≠deo de um ilustre morador de rua da cidade de S√£o Paulo, com conhecimento e desenvoltura infinitamente maior que  Bolsonaro.",2,,,,,,,,,,,,
1785324111760883_1785546888405272,"Vc viu uma entrevista do Bolsonaro, vc viu todas! As mesmas respostas prontas, decoradas. S√≥ mesmo muito ignorante pra confiar o futuro do pa√≠s na m√£o desse bo√ßal.",2,,,,,,,,,,,,
1785324111760883_1785388068421154,"Mas o ministro vai ter que falar o que est√° fazendo para o presidente aprovar.O Bolso vai entender?√â muito ignorante,nunca administrou nada.kk",2,,,,,,,,,,,,
1785324111760883_1912766568975458,"At√© parece que o Lula saberia responder sobre o trip√©...ia achar que √©"" trip√©x "".N√£o curto o homof√≥bico do Bolsonaro mas esse cara q pergunta se faz tb de entendido",2,,,,,,,,,,,,
1785324111760883_1785378851755409,"O maior advers√°rio do Bolsonazi √© ele mesmo, basta ele abrir a boca e pronto, a m√°scara de mito cai.",2,,,,,,,,,,,,
1785324111760883_1785953325031295,HAHAHAHAHAH. Que rep√≥rter pentelho. Deixando o Bolsonaro na merda.,2,,,,,,,,,,,,
1785324111760883_1785954955031132,j√° viu aqueles v√≠deos dos vendedores que n sabem dar troco nem somar. vai ser o Bolsonaro montando a equipe econ√¥mica,2,,,,,,,,,,,,
1785324111760883_1785497541743540,Vai bolsomions! Continuem seguindo o Bo√ßal mais burro e termina de vez explodindo com o pa√≠s.,2,,,,,,,,,,,,
1785324111760883_1785391425087485,Bolsonaro √© muito assustado!  Fica nervoso o tempo todo.,2,,,,,,,,,,,,
1785324111760883_1785564758403485,Bolsoüí© sem argumentos!!! A-M-E-I üòçüòÇüòÇüòÇüòÇüòÇ,2,,,,,,,,,,,,
1785324111760883_1785548871738407,kkkkk rapaz esse Bolsobosta e com√©dia mesmo,2,,,,,,,,,,,,
1785324111760883_1785551431738151,BOLSONARE√ö BURRO!!!,2,,,,,,,,,,,,
1785324111760883_1960034380925443,Pede pra sair  bolsonaro  vai passar vergonha,2,,,,,,,,,,,,
1785324111760883_1785946265032001,Mal come√ßou a corrida eleitoral e Bolsonaro j√° est√° acabado,2,,,,,,,,,,,,
1785324111760883_1785573825069245,"Bolsonaro, o cara mais est√∫pido que j√° conheci...",2,,,,,,,,,,,,
1785324111760883_1785529778406983,N√£o serve nem pra l√≠der comunit√°rio e quer ser presidente esse inseto. #bolsolixo,2,,,,,,,,,,,,
1785324111760883_130791084306671,Manda esse tal de se bolsonaro comer capim que ele √© muito √© burro,2,,,,,,,,,,,,
1785324111760883_1785816935044934,"Bolsonaro, n√£o,pelo amor de Deus!",2,,,,,,,,,,,,
1785324111760883_1785703688389592,"Marcelo, o Bolsonaro √© uma anta.",2,,,,,,,,,,,,
